activity_id,smiles,pAff
6386627,COc1ccccc1CSc1nc(SCc2ccccc2)nc(=O)[nH]1,4.81
115906,Cc1ccc2nc(O)n(C3CCN(Cc4cc5c(cc4Cl)OCO5)CC3)c2c1,8.62
3301796,CC(=O)N[C@@H](C)C(=O)N[C@@H](CCCNC(=N)N)C(=O)N[C@@H](C)C(=O)N[C@@H](CCC(=O)O)C(=O)N[C@H](C(=O)N[C@@H](Cc1cnc[nH]1)C(=O)N[C@@H](CC(C)C)C(N)=O)C(C)C,6.8
17621297,Cc1ccc(F)cc1-c1ccc2cc(C(=O)NC3CCC3)ncc2c1,7.38
23292366,N#Cc1ccc(CN(CC(N)=O)C(=O)CSc2ccccc2Cl)cc1,6.84
24776573,COc1ccc(C(C)=O)c(Oc2ccc(NC(=O)/C=C/c3cc(OC)c(OC)c(OC)c3)cc2)c1,5.16
2005735,CC[C@H](C)[C@@H]1NC(=O)[C@@H]2CCCN2C(=O)[C@@H]2CCCN2C(=O)[C@H]([C@@H](C)CC)NC(=O)[C@H](CO)NC(=O)[C@H](CCCCCN)NC(=O)[C@H]([C@@H](C)O)NC(=O)[C@@H]2CSSC[C@H](NC1=O)C(=O)N[C@@H](Cc1ccccc1)C(=O)N1CCC[C@@H]1C(=O)N[C@@H](CC(=O)O)C(=O)NCC(=O)N[C@@H](CCCNC(=N)N)C(=O)N2,4.55
13238037,CC(O)(CS(=O)(=O)c1ccc(F)cc1)C(=O)Nc1ccc(C#N)c(C(F)(F)F)c1,4.24
7755814,CN1C[C@H](CNC(=O)OCc2ccccc2)C[C@@H]2c3cccc4c3c(cn4C)C[C@H]21,6.72
5564063,O=C(Nc1nc2ccc(F)cc2s1)c1ccccn1,5.34
25575940,Cc1ccc(-c2cc3[nH]cc(C(=O)NCC4CCNCC4)c3cc2-c2ccc(C#N)cc2)cc1,5.07
17765237,O=C(NCc1cccnn1)c1cc(NC(=O)c2cc(-c3ncccc3F)c(Cl)cc2Cl)n(-c2ccccc2)n1,8.49
17797875,CC1(N)CCN(c2cccnc2NC(=O)c2nc(-c3ncccc3F)cnc2N)CC1,8.77
2155095,NCCCC(O)(P(=O)(O)O)P(=O)(O)O,7.36
1194419,S=c1[nH]ccn1Cc1ccccc1,4.5
12080571,N#CCCN1C(=O)c2ccccc2C1C(=O)NCc1ccc(OC(F)(F)F)cc1,4.58
24838878,O=C(O)CCC1CN(c2cc(C(F)(F)F)cc(C(F)(F)F)c2)C1,6.13
24377155,O=C1C=CC[C@H](C[C@@H]2C[C@@H]3C[C@@](/C=C/c4ccccc4)(Oc4cc(O)c5c(c43)O[C@@H](c3ccccc3)CC5=O)O2)O1,5.04
2613047,CC1(C)C=C(COc2ccc(-c3nc4c(C(N)=O)cccc4[nH]3)cc2)C(C)(C)N1,8.37
5236804,Cc1cc(C#N)cc2nc(-c3ccc(NC(=O)CN4CCN(c5ccc(C(F)(F)F)cc5)CC4)cc3)oc12,7.8
18277891,CC(=O)O[C@@H](C/C=C(\C)C(=O)O)[C@@H](C)[C@H]1C[C@H](OC(C)=O)[C@@]2(C)C3=C(CC[C@]12C)[C@@]1(C)CC[C@H](OC(C)=O)C(C)(C)[C@@H]1C[C@H]3O,4.55
18074778,c1ccc2c(NCc3cn(CCN4CCCCC4)nn3)c3oc4ccccc4c3nc2c1,5.56
14537906,CC(C)Sc1oc(N)nc1-c1ccc(P(=O)(O)O)o1,6.96
13231479,CN(Cc1cnc2nc(N)nc(N)c2n1)c1ccc(C(=O)N[C@@H](CCC(=O)O)C(=O)O)cc1,4.68
25681819,CCC(=C/[C@H](C)C/C=C/C(C)=C/[C@@H](C)C(=O)[C@@H](C)[C@H](O)[C@@H](C)C/C(C)=C/C(=O)O)/C=C/[C@@H]1OC(=O)C=C[C@@H]1C,9.52
1476879,COc1ccc(N2N=C(Sc3ccc(Cl)cc3)CC(CC[C@@H](C)NC(=O)[C@H]3CCNC[C@@H]3c3ccc(F)cc3)C2=O)cc1,7.66
19099898,NS(=O)(=O)c1ccc(CCNC(=O)c2ccc(NC(=O)Nc3ccc(Cl)c(C(F)(F)F)c3)cc2)cc1,5.34
1654533,Cc1ccc(C(=O)C2=C(O)C(=O)N(CCCc3c[nH]cn3)C2c2ccc(Cl)cc2)cc1,4.03
23261550,CCS(=O)(=O)c1ccc2c(c1)CN(C(C)=O)C2C(=O)Nc1ccc(C(O)(C(F)(F)F)C(F)(F)F)cc1,6.52
2288870,Cn1cc(/C=C/C(=O)NS(=O)(=O)c2cc(F)c(F)cc2F)c2c(Oc3ccc(Cl)c(Cl)c3)cccc21,5.12
15056192,O=C1c2c(O)cccc2C(=O)c2c1c(O)cc1nc(N3CCCCC3CCO)sc21,4.78
1973557,CC(C)C[C@H](N)c1cc(C(F)(F)F)ccc1N1CCN(C(=O)[C@@H](Cc2ccc(Cl)cc2Cl)NC(=O)CN)CC1,8.74
15194704,COc1cc(/C=C/C(=O)/C=C(O)/C=C/c2ccc(O)c(OC)c2)ccc1O,4.05
9536697,Cc1n[nH]c2ccc(-c3cncc(OCC(N)Cc4cccc(OC(F)(F)F)c4)c3)cc12,5.7
18675035,CN(C1=CC(=O)C(=O)c2ccccc21)c1ccc(F)c(Cl)c1,5.99
980337,COc1ccccc1CNCc1c(-c2ccccc2)c2ccccc2c(=O)n1C,6.34
12188895,C=C1CC[C@@H](O[C@H]2C[C@@](O)([C@H](C)NC(=O)c3[nH]c(C)c(Cl)c3Cl)[C@H](O)[C@@H](C)O2)[C@@H]2C=C[C@H](C)C(/C(O)=C3\C(=O)[C@H](C(C)C)N([C@H]4O[C@H](C)[C@H](OC(N)=O)[C@H](OC(C)=O)[C@@H]4OC)C3=O)[C@@H]12,6.05
17607919,CC(=O)NC(C)c1ccc(OC2CN(c3ncc(Br)cn3)C2)cc1,6.26
9649196,CC(C)(C)c1ccc2nc(-c3n[nH]c4ccccc34)[nH]c2c1,5.2
1018427,O=C(Cc1ccc(Cl)cc1)NC1N=C(c2ccccc2F)c2ccccc2NC1=O,5.89
818936,CCCOc1ccc(C(=O)N2CCC[C@H]2C(=O)N2CC[C@H]3[C@H]2[C@H](C)C(=O)N3C(=O)C2CC2)cc1,7.1
22974031,Nc1ncnc2c1ncn2[C@@H]1O[C@H](COS(=O)(=O)NC(=O)CCCCCCCCCCOc2ccc(Br)cc2)[C@@H](O)[C@H]1O,4.98
3442261,CCOc1ccc(-c2nn(C3CCCC3)c3ncnc(N)c23)cc1OC,5.19
13978736,O=C(C(c1ccc(Cl)cc1)c1cccnc1)N1CCN(c2ccc(C(F)(F)F)cn2)CC1,5.16
2991529,O=C(/C=C/c1cccc2ccn(Cc3ccc(Cl)cc3Cl)c12)NS(=O)(=O)c1cccs1,5.09
16513909,CC(=C/c1ccccc1)/C=C1\SC(N(C)c2ccc(O)cc2)=NC1=O,8.0
13947065,CNCCOCCn1nc(OC)c2cc([N+](=O)[O-])ccc21,4.57
6328661,N#Cc1ccn(CC23CNCC[C@]2(c2ccc(Cl)c(Cl)c2)C3)c1,7.5
19282843,COc1ccc(-c2cn(C[C@H](O)[C@H]3OC(=O)C(OCc4ccccc4)=C3OCc3ccccc3)nn2)cc1,4.58
25078086,COC1=C(OC)C(C)(O)c2cc(C)c(C(C)=O)c(O)c2C1=O,4.38
12179007,O=c1cc(-c2ccc(OCCOCCN(CCO)CCOCCOc3ccc(-c4cc(=O)c5ccccc5o4)cc3)cc2)oc2ccccc12,5.16
7960451,COc1ccc(N/N=C2\S/C(=C(/C#N)C(=O)Nc3ccc(C)cc3)N(c3ccccc3)C2=O)cc1,4.47
3007701,Cc1ncn2c1Cn1cc(CO)nc1-c1cc(Br)ccc1-2,8.09
25740591,CCCCCCCCCCCCCCCCOC[C@H](COP(=O)([O-])OCC[N+](C)(C)C)OC(C)=O,5.35
17648824,CC(C)NC(=O)c1ccc(OCc2conc2-c2ccccn2)nc1,7.88
2033579,COc1cc2c3c(c4cc(OC)c(OC)cc4c2cc1OC)[C@H](O)[C@@H]1CCCN1C3,5.97
960060,COCCOCn1cc(C(N)=S)c2c(N)ncnc21,5.89
22975882,CC(=O)OC[C@H]1OC(OC(C)=O)[C@H](NC(=O)c2cn(C3CC3)c3cc(N4CCN(C(C)=O)CC4)c(F)cc3c2=O)[C@@H](OC(C)=O)[C@@H]1OC(C)=O,5.44
17614553,O=c1c2ccccc2[se]n1CCCn1[se]c2ccccc2c1=O,7.4
2120773,CCCNC(=O)c1cccc2cc(Oc3ccnc4cc(OC)c(OC)cc34)ccc12,6.22
17771963,COC(=O)C1CCN(CCN2CCN(C(=O)Cn3cc(NC(=O)c4cnn5cccnc45)c(-c4cc(Cl)ccc4OC(F)F)n3)CC2)CC1,9.16
12671773,N#Cc1c(-c2ccc(Cl)cc2)nc(SCc2ccccc2)nc1N1CCC(C(=O)c2ccccc2)CC1,5.01
18078175,O=C1Nc2ccccc2/C1=C1/Nc2ccccc2/C1=N\OCC(O)CO,6.27
5508514,CCOc1cc(/C=C(\C#N)C(=O)Nc2cccc(C(=O)O)c2)ccc1OCc1ccc(Br)cc1,5.76
3557255,Cl.Cl.NCCCC[C@H](N)C(=O)CCCn1c2c(c3ccccc3c1=O)C(=O)c1ccccc1-2,4.84
25678187,Cn1c2c([n+](C)c1-c1ccco1)C(=O)c1ccccc1C2=O.[I-],5.16
1666547,CO[C@]1(C#CC(O)C2c3ccccc3C=Cc3ccccc32)CN2CCC1CC2,7.0
16491837,CC(=O)c1cc(-c2ccccc2S(C)(=O)=O)c2cc(CNC(=O)OC(C)(C)C)ccn12,6.17
1792957,N#C[C@@H]1CCCN1C(=O)CNCCC(=O)NCCc1ccccc1,5.59
16824251,C[C@@H]1O[C@@H](O[C@H]2[C@H](O[C@H]3CC[C@]4(C)[C@H]5CC=C6[C@@H]7CC(C)(C)CC[C@]7(C(=O)O)CC[C@@]6(C)[C@]5(C)CC[C@H]4C3(C)C)OC[C@H](O[C@@H]3O[C@H](CO)[C@@H](O)[C@H](O)[C@H]3O)[C@@H]2O)[C@H](O)[C@H](O)[C@H]1O,5.43
235859,CCc1nc2c(C)cc(C)nc2n1Cc1ccc2c(c1)CCN2C(=O)c1ccccc1C#N,4.6
25628012,CS(=O)(=O)c1ccc(-c2ncc(C(=O)NCc3cn(-c4cc(F)ccn4)nn3)s2)cc1,6.71
3316362,COc1ccc2c(c1)CCc1c-2nc2ccccc2c1N,4.33
13213836,CC(C)=CC[C@@H](O)C1=CC(=O)c2c(O)ccc(O)c2C1=O,9.15
25669838,N#Cc1ccc(N(CSc2ccc(O)cc2)n2cnnc2)cc1,8.77
3390153,Cc1csc(NC(P(=O)(O)O)P(=O)(O)O)n1,5.3
7584646,CN(C)C[C@@H]1CCn2cc(c3ccccc32)C2=C(C(=O)NC2=O)c2cn(c3ccccc23)CCO1,5.39
14988443,Brc1ccc(C2=NN(c3nc(-c4ccccc4)cs3)C(c3cccs3)C2)cc1,5.73
17687743,Cc1c([C@@H]2CN3CCN(C(=O)C4CCc5cc(-n6cnnn6)ncc54)C[C@H]3CO2)ccc2c1COC2=O,6.25
3433962,Cc1ccc(-c2csc(N/N=C3\CCCCC3C)n2)cc1,6.85
17650123,CC1(c2cccc(NC(=O)c3ncc(Br)cn3)c2)COCC(N)=N1,6.27
17753955,O=C(CN1CCOCC1)N1CC(Oc2ccc(NC(=O)N3Cc4ccncc4C3)cc2)C1,6.98
1814171,O=C(C[C@@H](NS(=O)(=O)c1ccc2ccccc2c1)c1ccccc1)N[C@H]1CCCc2cc(CN3CCCCC3)ccc21,7.07
506635,Nc1nc(OCCC2CCCCC2)c2nc[nH]c2n1,4.36
2409496,NC[C@H](Cc1ccccc1F)NC(=O)c1cc(Br)c(-c2ccnc3[nH]ccc23)s1,7.41
13326082,COc1ccccc1N1CCCN(CCCCNC(=O)c2cccc3c2-c2ccccc2C3=O)CC1,6.18
12640005,O=C(NC1CCCCCC1)C1CCN(c2nc3cc(Cl)ccc3o2)CC1,6.09
23223783,C[n+]1ccc2c(c1)c1cc(F)ccc1n2CCC(=O)N1c2ccccc2Sc2ccccc21.[I-],5.68
3084216,CN1CC[C@H](N(Cc2ccccc2C(F)(F)F)c2ccc(C#N)c(Cl)c2)C1,5.8
1605201,CSc1nc(/C=C(\C)[C@@H]2C[C@@H]3O[C@]3(C)CCC[C@H](C)[C@H](O)[C@@H](C)C(=O)C(C)(C)[C@@H](O)CC(=O)O2)cs1,9.59
2390980,Cn1c(N/N=C(/C=C/c2ccco2)c2ccc(Cl)cc2)nc2ccccc2c1=O,4.1
13250102,CC(C)c1ccccc1Cc1cc(C(=O)Nc2ccc(S(=O)(=O)c3ccccc3C(C)(C)C)cc2)c(O)c(O)c1O,5.88
16791817,COc1cc2ccc3c(-c4c(O)cc(OC)c5c4ccc4cc(O)c(OC)cc45)c(O)cc(OC)c3c2cc1O,5.55
450551,CCCCCCCN(CCCCCSc1nc(-c2ccco2)c(-c2ccco2)[nH]1)C(=O)Nc1ccc(F)cc1F,6.35
6343538,CCOc1ccc(OCC(O)CN(C)Cc2c(C)nn(Cc3ccc(OC)cc3)c2C)cc1,4.17
2422683,O=C(CCCCCCCCCCOc1cc(O)cc(O)c1)NCCO,5.0
17714383,CC(=O)N[C@@H](C)c1ccc(OC2CCN(c3ccc(OC4CC4)cc3C)C2)cc1,7.07
18761238,O=C(O)[C@]1(Cc2cccc(Nc3nccs3)n2)CC[C@@H](Oc2cccc(Cl)c2F)CC1,6.25
2259688,CCCN(CCC)CCc1ccc(OC)c(OCCc2ccccc2)c1.Cl,8.62
17761060,O=C(NS(=O)(=O)c1ccc(NCCCN2CCOCC2)c([N+](=O)[O-])c1)c1ccc(N2CCN(Cc3ccccc3-c3ccc(Cl)cc3)CC2)cc1Oc1ccc(-c2cccnc2)cc1,6.95
5790258,Cc1ccc2nc(Nc3ccccc3)c(/C=N/O)c(=O)n2c1,5.0
1805933,COc1ccc(C(=O)/C=C/c2ccnc3ccccc23)c(OC)c1,5.52
3404312,NC(=O)c1ccnc(-c2ccc3c(Nc4ccc(C(F)(F)F)cn4)ccnc3n2)c1C(F)(F)F,7.89
2406891,COc1ccc(N/N=C(\c2cc(OC)c(OC)c(OC)c2)c2nc(-c3cc(OC)c(OC)c(OC)c3)n[nH]c2=O)cc1,5.24
18005658,CCCCCON1C(=O)[C@@H](NC(=O)OCCCCC2CCCCC2)[C@@H]1C,6.41
12438897,c1ccc2[nH]ccc2c1,4.11
2254271,CCOc1ccccc1OCC1CN(C2CCC2)CCO1,5.15
1807787,CCOCCC1(Oc2ccc(Oc3ccc(C(=O)NCc4cccc(F)c4)cc3)cc2)C(=O)NC(=O)NC1=O,9.07
2601702,COc1nc(N)nc2c1ncn2/C=C1/CC1(CO)CO,5.52
15272693,CC(Cn1ccnc1)NC(=O)C1CC1c1cccc(Cl)c1Cl,6.85
25040011,CC(=O)Nc1ccc2c(c1)S(=O)(=O)c1cc(C)ccc1C2=O,8.0
15271073,CN1C(=O)c2ccccc2Sc2ccc(NC(=O)NCc3ccco3)cc21,6.3
3605888,CCCCCCCCCCNC(=O)c1cn2c3c(c(N4CCN(C)CC4)c(F)cc3c1=O)OC[C@@H]2C,5.52
5531247,CCN1C(=O)C(c2ccc(O)cc2)(c2ccc(O)cc2)c2ccccc21,4.66
1181790,C[C@@H]1Cc2ccccc2CN1,6.0
1744744,CNC(=O)c1cccc(NCc2cnc(Nc3ccccn3)s2)c1,6.55
717244,COc1cccc2c1CC(NCCCCN1C(=O)CC3(CCCC3)CC1=O)CO2.O=C(O)C(=O)O,6.05
3522892,CC1=C(C2=C(C)C(=O)c3c(cc(O)c(O)c3CCc3ccc(C)cc3)C2=O)C(=O)c2cc(O)c(O)c(CCc3ccc(C)cc3)c2C1=O,5.69
2142262,OC[C@@H]1N[C@@H](CO)[C@H](O)[C@H]1O,5.85
24503863,CCOc1cc2c(NCCc3ccc(NC(=O)Nc4cccc(Cl)c4)cc3)ncnc2cc1F,7.38
19361425,O=C(NC(CCCCCSSCCCCCC(NC(=O)OCc1ccccc1)C(=O)Nc1cccc2cccnc12)C(=O)Nc1cccc2cccnc12)OCc1ccccc1,8.12
2391208,O=C(O)c1ccc(OCCc2c(CCNS(=O)(=O)CCN3CCSC3)n(C(c3ccccc3)c3ccccc3)c3ccc(Cl)cc23)cc1,6.48
952907,Oc1ccc2c3c1OC1c4[nH]c5cccc(Oc6ccccc6)c5c4C[C@@]4(O)[C@@H](C2)N(CC2CC2)CC[C@]314,6.4
5189214,O=C(OCCc1c(-c2ccccc2Cl)c2cc(Cl)ccc2[nH]c1=O)C1CCCCC1,4.47
25108449,O=C(O)c1ccc(-c2nn(C(=O)c3c(Cl)cccc3C(F)(F)F)c3ccccc23)cc1,7.4
10863370,N=C(N)NCCC[C@@H](NC(=O)[C@@H](CCCNC(=N)N)NC(=O)CCCCCNC(=O)[C@@H](CCCCN)NC(=O)CCCCCCCN1CCCN(S(=O)(=O)c2cccc3cnccc23)CC1)C(N)=O,5.04
9606029,COc1ccc(-c2cc3nccn3c(Nc3ccccc3C(N)=O)n2)cc1OC,7.4
18495362,CN(CC(=O)NCc1cnc2scc(-c3ccc(Br)cc3)n12)C(=O)Cc1cccc(O)c1,6.35
18484087,COc1cc(/C=C/c2ccc(O)cc2)cc(OC)c1,4.77
13916613,CCCCCCc1cc2cc(Cl)ccc2n1C(=O)CC(C)CC(=O)O,6.85
17959240,COc1cc(O)c(C(=O)/C=C/c2ccccc2OC)c(OC)c1,5.0
2488281,O=C(Nc1c(F)cccc1F)c1cccc(-c2nc3ccccn3c2-c2ccnc(Nc3ccc(N4CCC(N5CCCCC5)CC4)cc3)n2)c1,8.05
238770,N#CC[C@H](NC(=O)[C@@H](Cc1ccccc1)NS(=O)(=O)Cc1ccccc1)C(=O)N[C@@H](CCCNC(=N)N)C(=O)c1nccs1,4.0
1413667,Cc1c(CN(C=O)c2ccc(Cl)c(Cl)c2)cnc2nc(N)nc(N)c12,7.08
13117626,CCc1ccc(-c2cnc3ncnc(O)c3n2)cc1,4.84
911592,CCCCCCCCCCCCCCCCCCOCC(COP(=O)([O-])OCC[N+](C)(C)C)OC,5.75
17991887,CSc1nc(NCCCCNc2ccnc3cc(Cl)ccc23)c(C#N)c(-c2ccccc2)n1,5.07
16460625,C=CCOc1ccc2oc(=S)ccc2c1,5.9
15285508,COc1ccc(Cl)cc1S(=O)(=O)N1CCOc2ccc(C(=O)Nc3ccc(-c4noc(=O)[nH]4)cc3)cc21,6.87
24972390,CC(Nc1ccn2ncc(C(=O)NC3CCOCC3)c2n1)c1cccc(F)c1,7.97
2639226,COC(=O)c1ccc(CNC(=O)c2ccc(/C=C/C(C)=O)[nH]2)cc1,6.58
849511,Cc1nn(C)c2ncc(C(=O)NO)c(N(C)S(=O)(=O)c3ccc(Oc4ccc(Cl)cc4)cc3)c12,6.45
22779351,Cc1cc(NC2CCc3cc(Br)ccc3C2)n2nc(C(C)(F)F)nc2n1,6.3
7754069,Clc1ccc(COC(Cn2ccnc2)c2ccc(Cl)cc2Cl)c(Cl)c1,4.73
7850064,COc1cc2c(CNS(C)(=O)=O)cnc(C(=O)c3cccc(OC(C)C)c3)c2cc1OC,6.05
25639052,CC(=O)OC(C)(C)/C=C/C(=O)[C@](C)(O)[C@H]1[C@H](O)C[C@@]2(C)[C@@H]3CC=C4[C@@H](C[C@H](OC(=O)Cn5ncn(-c6ccc(C)cc6)c5=O)C(=O)C4(C)C)[C@]3(C)C(=O)C[C@]12C,7.4
509869,Cc1cc(Cn2cnc3c2C[C@@H](C(=O)O)N(C(=O)C(c2ccccc2)c2ccccc2)C3)ccc1N(C)C.O=C(O)C(F)(F)F.O=C(O)C(F)(F)F,8.16
16901311,c1ccc(-c2cc(CNc3nc(Nc4cc(C5CC5)[nH]n4)cc(N4CCCC4)n3)on2)cc1,7.3
20632048,Cc1oc2ncnc(SCC(=O)O)c2c1C,7.3
18923339,CC(=O)Nc1ccc2c(-c3cccs3)ccnc2c1O,5.64
1876267,[N-]=[N+]=Nc1nc2c(N)[n+]3cnc2n1[C@@H]1O[C@H](COP(=O)(O)OP(=O)([O-])OC[C@H]2C[C@@H]3[C@H](O)[C@@H]2O)[C@@H](O)[C@H]1O,5.38
25574553,COc1ccc(Cn2nc(C(=O)Nc3ccc(F)c(C(=O)NC4CC4)c3)ccc2=O)cc1F,8.1
12447035,Cl.Cl.Cl.Cl.Clc1ccccc1CNC[C@H]1CC[C@H](CNCc2ccccc2Cl)CC1,6.3
24787538,CS(=O)(=O)N1CCC(Nc2ncc3c(n2)N(C2CCOCC2)C(=O)C32CC2)CC1,5.66
12709190,COC(=O)[C@@]12Oc3cc4c(c(O)c3C(=O)C1=C(O)CC[C@@H]2O)[C@@H]1C=C[C@@]2(C4)C(=O)c3cc(C)cc(O)c3C(O)=C2C1=O,5.48
1432685,Cn1cncc1CN1CC(N(CC(=O)OC(C)(C)C)S(=O)(=O)c2cccnc2)Cc2cc(C#N)ccc21,6.65
22818736,CC1(CNc2cc(F)c(S(=O)(=O)Nc3nccs3)cc2Cl)CCCN1,5.68
16602133,CC(C)OC(c1cccc(C(F)(F)F)c1)c1nc(-n2ccc(NC(=O)c3cscn3)cc2=O)c[nH]1,6.75
2013661,C[C@H]1CN(C(C)(CO)CO)CCN1C(=O)OC1(C2CCCC(c3cccc(F)c3)N2S(=O)(=O)c2ccc(Cl)cc2)CC1,8.29
18464994,COc1cc(NC(=O)Nc2ccc(SC)cc2)c2c(c1O)-c1c(OC)c(OC)cc3c1[C@H](C2)N(C)CC3,4.32
18765247,O=C(O)CCCC(=O)Nc1cc(Nc2cccc(Br)c2)ncn1,7.16
12165612,C/C(=N\O)c1c(-c2ccc(F)cc2)n2c3c(cccc13)C(=O)NCC2,8.04
3417279,CC(C)c1ccc(S(=O)(=O)Nc2ccc([C@@]34C[C@@H]3CN(C)C4)cc2)cc1,8.2
16353273,Cc1ccc(C(=O)N2CCC[C@@H](Oc3ccc(C(F)(F)F)cn3)[C@@H]2C)c(-n2nccn2)c1,7.92
744509,Cl.O=C(O)C1CCCN(CCOC2c3ccc(Cl)cc3CCc3cc(Cl)ccc32)C1,5.8
18758648,COc1cc(C2C(C#N)=C(N)Oc3[nH]nc(CCCC(C)C)c32)cc([N+](=O)[O-])c1O,6.14
13846813,Cc1nc(N)sc1-c1nc(C(C)(C)C)no1,7.17
214374,CCCCSCc1ccc2c(c1)c1c3c(c4c5cc(CSCCCC)ccc5n5c4c1n2[C@H]1C[C@](O)(C(=O)OC)[C@]5(C)O1)CNC3=O,6.84
15765617,[C-]#[N+][C@@]12CCC(=C)[C@H]3[C@H](CC(C)(C)NC(=O)C(c4ccccc4)N(CCC(C)C)C(=O)c4ccncc4)C[C@H](C)[C@@H](CC[C@@H]1C)[C@@H]32,7.0
8047525,C=C1C(=O)O[C@@]23CC[C@@H]4[C@](C)(CO)CCC[C@@]4(C)[C@@H]2CC[C@@]1(O)C3,6.8
2120731,COc1cc2nccc(Oc3ccc4c(C(=O)NCC(F)(F)F)cccc4c3)c2cc1OC,7.8
17990967,C=CC(=O)Nc1cccc(F)c1Nc1ncc(OCc2c(Cl)c(OC)cc(OC)c2Cl)cn1,6.4
17658481,Cc1ccccc1C1CCc2cc(Oc3nc(C)c(C(=O)NCCO)s3)ccc2O1,6.05
17889735,CC(C)(C)c1nc(-c2cccc(NS(=O)(=O)c3c(F)cccc3F)c2F)c(-c2ccnc(N)n2)s1,7.72
3379980,NS(=O)(=O)c1nnc(NC(=O)CC23CC4CC(CC(C4)C2)C3)s1,8.05
19435361,CCCN(CCCCCc1ccc(O)c(OC)c1)[C@H]1CCc2nc(N)sc2C1,8.8
2585836,CCCCCCCCCCCCS(=O)(=O)F,6.7
1076822,CN(C)CCNC(=O)c1cccc2c1Oc1cc([N+](=O)[O-])ccc1O2,5.43
1831161,Nc1nc(OCCc2c[nH]c3c(Br)cccc23)nc2c1ncn2[C@@H]1O[C@H](CO)[C@@H](O)[C@H]1O,6.6
1076375,Cc1cccc(Cl)c1Nc1nc2cc(N3CCOCC3)ccc2n2cncc12,8.22
1410563,Cc1cc(O)cc(C(C)C)c1C[C@H](N)C(=O)N1CCC[C@H]1C(=O)N[C@@H](Cc1ccccc1)C(=O)N[C@@H](Cc1ccccc1)C(N)=O,6.72
12114360,COc1cc(COc2ccc(NC(=O)CCCCCCC(=O)OCc3ccc(CN=[N+]=[N-])cc3)cc2)cc(N=[N+]=[N-])c1,4.07
1471558,CN(c1ccccc1)c1cc[n+](Cc2cccc(-c3cccc(C[n+]4ccc(N(C)c5ccccc5)cc4)c3)c2)cc1.[Br-].[Br-],5.66
19155032,NC(=O)c1ccc(-c2cncc(Cl)c2)cc1,4.85
24340729,O=C1c2cc(Cl)c3c4c(Oc5ccc(OCc6cn(CCCN7C[C@H](O)[C@@H](O)[C@H](O)[C@H]7CO)nn6)cc5)cc5c6c(cc(Oc7ccc(OCc8cn(CCCN9C[C@H](O)[C@@H](O)[C@H](O)[C@H]9CO)nn8)cc7)c(c7c(Cl)cc(c2c37)C(=O)N1Cc1cn(CCCN2C[C@H](O)[C@@H](O)[C@H](O)[C@H]2CO)nn1)c64)C(=O)N(Cc1cn(CCCN2C[C@H](O)[C@@H](O)[C@H](O)[C@H]2CO)nn1)C5=O,6.92
6422480,CCCCC(O)(c1ccc(Cl)cc1)c1cncnc1,6.3
13858364,COCCn1c(-c2ccccc2Cl)nc2c(N3CCN4C(=O)CCC4C3)nc(C)nc21.Cl,7.38
1454911,O=C(O)C(=O)/C=C(\O)c1ccccc1,5.24
5785977,COc1cccc(NC(=O)c2ccccc2)c1,4.95
16360102,O=c1nc(OCC2COCCO2)cc2n1CCc1ccccc1-2,7.0
16897490,NS(O)(O)c1ccc2[nH]c(-c3ccc(Oc4ccc(Cl)cc4)cc3)nc2c1,7.26
2692420,COc1cc(O)c(/C=C\C(=O)O)cc1[C@@H](O)CC(C)C,4.75
13270558,CO[C@@H]1[C@H](N(C)C(=O)c2ccccc2)C[C@H]2O[C@]1(C)n1c3ccccc3c3c4c(c5c6ccccc6n2c5c31)C(=O)NC4,5.36
2068836,Cl.N[C@@H](CC(=O)N1CCn2c(nnc2C(F)(F)F)C1Cc1ccccc1F)Cc1cc(F)c(F)cc1F,4.12
19176729,CCc1cnn2c(NCc3ccc[n+]([O-])c3)cc(N3CCCC[C@H]3CCO)nc12,7.6
25673437,C[C@H]1CCN1c1nc(-c2cn[nH]c2)cc(C(F)(F)F)c1C#N,8.22
2036328,COc1ccc(/C=C/C(=O)c2ccc(N3C(=O)C=CC3=O)cc2)cc1,5.1
18184501,Clc1ccc(SCc2nc(-c3ccncc3)n[nH]2)cc1,6.23
13457810,NC(=O)NCCC[C@@H](NS(=O)(=O)c1ccc(OCc2cc(Br)cc(Br)c2)cc1)C(=O)NO,8.72
24835718,COc1ccc(CN2CCS(=O)(=O)N(c3ccc(S(N)(=O)=O)cc3)C2)cc1,5.35
1740864,COc1ccc(-n2nc(C(F)(F)F)c3c(C)nn(-c4ccc(-c5ccccc5CN5CCCC5)cc4)c(=O)c32)cc1,8.55
3345605,O=C(OCc1cc(COC(=O)c2ccc(O)c(F)c2)cc(COC(=O)c2ccc(O)c(F)c2)c1)c1ccc(O)c(F)c1,4.14
2229799,O=C1Nc2ccc(S(=O)(=O)NCc3ccccc3)cc2/C1=N/Nc1ccc(C(=O)O)cc1,5.15
1654850,Cc1cc(O)cc(C)c1C[C@@H](C(=O)N1Cc2ccccc2CC1C(=O)NCCCc1nc(O)c(CCCNC(=O)C2Cc3ccccc3CN2C(=O)[C@H](Cc2c(C)cc(O)cc2C)N(C)C)nc1C)N(C)C,9.54
25703867,CN1CCN(c2ccc(-c3nc(-c4ccc(-c5ccc(C(F)(F)F)cc5)cc4)[nH]c3-c3ccc(N4CCN(C)CC4)cc3)cc2)CC1,5.74
639294,CCCCCCCC[S+]([O-])c1cc(-c2ccccc2)c(-c2ccccc2)nn1,4.04
1521635,CC(=O)Nc1nnc(S(N)(=O)=O)s1,6.6
16563278,Cn1ncnc1-c1cc(Oc2ccc(NC(=O)Nc3cccc(C(F)(F)F)c3)cc2F)ccn1,5.01
965065,O=C(O)C(=O)c1ccco1,4.1
992833,Cc1nnc2n1-c1sc(/C(CC(=O)N3CCOCC3)=N\N)cc1C(c1ccccc1Cl)=NC2,6.38
15715152,CC1(C)N=C(c2ccc(-c3ccc4cccnc4c3)cc2)N(C[C@@H]2CCN(C(=O)C3CC3)C2)C1=O,7.27
9691148,OC1CCCC(Nc2cc(Cl)nc(-c3c[nH]c4ncccc34)n2)C1,7.4
25538617,CS(=O)(=O)c1ccc2nc(NC(=O)NCc3nc(-c4ccc(Br)cc4)c[nH]3)sc2c1,6.35
1849858,C(#Cc1cc(-c2n[nH]c3c2Cc2cc(Cn4cccn4)ccc2-3)cs1)COc1ccccc1,7.31
16267514,C[C@H]1Cn2c(nnc2-c2ncccn2)C(=O)N1Cc1cccc(C(F)(F)F)c1Cl,8.6
210978,CN(C)CCN1C(=O)c2cccc3cc4cc(O)ccc4c(c23)C1=O,7.77
2024489,O=C1CN(c2csc(-c3ccccc3)c2Cl)S(=O)(=O)N1,4.8
1248177,NS(=O)(=O)c1ccc(NC(=O)CN(CCN(CC(=O)O)CC(=O)O)CC(=O)O)cc1,6.91
3489103,C=CCN1CC[C@]2(C)c3cc(O)ccc3C[C@H]1[C@H]2C.Cl,4.9
2167212,CNC(=O)[C@H]1O[C@@H](n2cnc3c(NCc4cccc(I)c4)ncnc32)[C@H](O)[C@@H]1O,8.76
2075689,CCc1cc(NC(=O)N[C@H](C)[C@@H](O)CN(CC)[C@@H](C)[C@H](O)Cc2ccc(F)cc2)cc(-c2nnnn2C)c1,8.47
22452348,OC(CCCN1CCC(O)(c2ccc(Cl)cc2)CC1)c1ccc(F)cc1,6.62
17708245,Nc1ncnc(N2CCC(c3nc(-c4ccc(F)c(C(F)(F)F)c4)cn3CCN3CCCC3)CC2)c1C=O,9.22
24958960,CC[C@H](C)[C@H](NC(=O)[C@H](Cc1ccc(O)cc1)NC(=O)[C@@H]1CCCN1C(=O)[C@H](C)NC(=O)[C@H](CC(C)C)NC(=O)[C@H](C)NC(=O)[C@H](CO)NC(=O)CNC(=O)[C@H](CO)NC(=O)CNC(=O)CNC(=O)[C@H](CCC(N)=O)NC(=O)[C@H](CCC(=O)O)NC(=O)[C@H](CC(=O)O)NC(=O)[C@H](C)NC(=O)[C@@H](NC(=O)[C@H](C)NC(=O)[C@H](CC(=O)O)NC(=O)[C@H](CCC(N)=O)NC(=O)[C@H](Cc1ccc(O)cc1)NC(=O)[C@H](CCC(N)=O)NC(=O)[C@H](CCC(N)=O)NC(=O)[C@@H](N)Cc1ccc(O)cc1)[C@@H](C)O)C(=O)N1CCC[C@H]1C(=O)N[C@H](CCCNC(=N)N)C(=O)N[C@H](CCCNC(=N)N)C(=O)N[C@H](CCCNC(=N)N)C(=O)N[C@H](CCCNC(=N)N)C(=O)N[C@H](CCCNC(=N)N)C(=O)N[C@H](CCCNC(=N)N)C(=O)N[C@H](CCCNC(=N)N)C(=O)N[C@H](CCCNC(=N)N)C(=O)O,6.4
6266967,C/C=C(\C)C(=O)Oc1cc(C)ccc1C(C)COC(C)=O,4.74
13290956,O=C(/C=C/c1ccccc1)c1ccccc1,4.77
17804198,Cc1ccc(-n2ccc(C)n2)c(C(=O)N2C3CCC2C(COc2ccc(F)cn2)C3)n1,7.32
6174785,O=C(COc1ccc(/C=C2\SC(=O)NC2=O)cc1)Nc1cc(Cl)cc(Cl)c1,4.83
2616591,OC[C@H]1C[C@](O)(c2ccc(Cl)cc2)[C@@H](c2ccc(Cl)cc2)O1,5.52
12685331,COc1cc(/C=C/C(=O)NO)ccc1OC[C@H](Cc1c[nH]c2ccccc12)NC(=O)[C@H](CCSC)NC(=O)OC(C)(C)C,5.23
3307736,CN(C(=O)C(C)(C)c1cc(C(F)(F)F)cc(C(F)(F)F)c1)c1cnc(N2CC[C@H](O)[C@H]2CO)cc1-c1ccccc1Cl,8.8
8052390,CCCCCCCCCCCOC1O[C@H](CO)[C@H](O)[C@H](O)[C@H]1O,4.17
360694,COC(=O)C1=C(C)NC(C)=C(C(=O)OC)C1c1ccccc1[N+](=O)[O-],8.57
2255650,Cc1ccc(NC(=O)c2cccc(S(=O)(=O)N3CCc4ccccc4C3)c2)c(C(=O)O)c1,5.3
4729985,CCn1c(C)cc(/C=C2\NC(=O)N(Cc3ccc(Cl)cc3)C2=O)c1C,5.47
6355298,CCN(CC)c1ccc2c(c1)Oc1cc(N(CC)CC)ccc1C21c2ccccc2C(=O)N1c1ccc(S(N)(=O)=O)cc1,6.38
25643047,NS(=O)(=O)c1ccc(CN(Cc2ccccc2)C(=O)CCCC[C@@H]2SC[C@@H]3NC(=O)N[C@@H]32)cc1,7.85
18324726,NC(=O)CC[C@H](NS(=O)(=O)c1ccc([N+](=O)[O-])cc1)C(=O)O,4.12
15703051,O=c1[nH]c(=O)n(CC(O)c2ccccc2)nc1O,6.33
25504009,O=C1Nc2ccc(OC(F)(F)F)cc2/C1=N/Nc1ccnc2cc(Cl)ccc12,6.03
17768468,Cc1c(-c2c(Cl)cc(C(N)=O)c3[nH]c4cc(C(C)(C)O)ccc4c23)cccc1-n1c(=O)c2ccc(F)cc2n(C)c1=O,9.21
3218472,CCCC[C@H](C)NC(=O)OCCCc1c[nH]cn1,7.38
25091827,Cc1ccc(-n2c(SCCc3c[nH]c4ccccc34)nnc2-c2ccncc2)cc1,4.69
25698513,Cc1ccc(-c2cc(=O)oc3cc(O[C@H](C)C(=O)N4CC5CCC(C4)N5C)ccc23)c(C)c1,4.51
1256834,CCNC(=O)CCCNC(=O)[C@H](CC(C)C)NC(=O)OCc1ccccc1,6.96
17711516,Cc1nn(C)c(C)c1NS(=O)(=O)c1ccc(Cn2cnc(-c3ccccc3)c2)cc1,5.6
3408444,O=C1C(Cl)=C(Nc2ccc(S(=O)(=O)Nc3nccs3)cc2)C(=O)c2ccccc21,5.48
2043034,Nc1ncc(/C=C/CNC(=O)c2cc(Br)c(Br)[nH]2)[nH]1,6.1
707494,CC(C)(N)C(=O)N[C@H](COCc1ccccc1)C(=O)N1CCC2(CC1)CN(S(C)(=O)=O)c1ccccc12,9.85
538755,CN(/C(S)=N/N=C/c1ccc([N+](=O)[O-])s1)C1CCCCC1,4.74
2945762,COc1cccc(CNC2CCN(S(=O)(=O)CCC3CCc4ccccc4N3S(=O)(=O)c3ccc(OC)cc3OC)CC2)c1,5.58
2367629,O=C(NCc1ccccc1)O[C@H]1CO[C@H]2[C@@H]1OC[C@H]2OC(=O)OS(=O)(=O)C(F)(F)F,6.45
7591606,CCN1CCN(Cc2ccc(NC(=O)Nc3ccc(Oc4cc(NC)ncn4)cc3)cc2C(F)(F)F)CC1,6.72
18855866,C[C@]1(Cn2cnc3ccc(C#N)cc32)CCC[C@@]2(CNC(=O)O2)C1,7.31
24860641,Fc1cnc2c3c(ccc2c1)CN(CCc1ccccc1)CO3,5.96
19106817,O=C(NCCc1c[nH]c2ccc(Br)cc12)c1ccc(Cl)cc1O,4.37
3308149,Fc1ccc(-n2ncc3cc(-c4ccccc4C(F)(F)F)ccc32)cc1,6.6
18581454,CN1CCN(c2ccc(Nc3ncc4nc(Sc5ccccc5)n([C@H]5CC[C@H](O)CC5)c4n3)cc2)CC1,7.37
24849783,CC/C(=C(/c1ccc(/C=C/C(=O)O)cc1)c1[nH]c2ccccc2c1C#N)c1ccc(F)cc1Cl,8.31
15076258,O=C(NC[C@@H]1OC(=O)N2c3ccc(N4CCOCC4=O)cc3OC[C@@H]12)c1cc2cc(Cl)ccc2s1,4.59
699525,COc1ccc(NC(=O)N2CCC(c3c[nH]c4ccc(F)cc34)CC2)cc1OCCN(C)C,6.2
17617550,O=C(OCC(C(=O)Nc1nnc(CCCCc2nnc(NC(=O)C(COC(=O)C3CCNCC3)c3ccccc3)s2)s1)c1ccccc1)C1CCNCC1,5.16
14722390,Cc1nn(C)c2c1-c1cnc(N)c(n1)O[C@@H](C)c1cc(F)ccc1C(=O)N(C)C2,6.81
1493672,CN1CCC1CN1CCC(c2cc(-c3ccncc3)c(-c3ccc(F)cc3)[nH]2)CC1,9.55
1291659,COc1ccc2c(c1)c(CCNC(=O)C1CCC1)c1n2CCCc2ccccc2-1,6.12
15580449,Oc1c(Cl)cc(Cl)cc1Sc1cc(Cl)cc(Cl)c1O,7.82
10897823,CN1CCN(C)C(C(=O)N2CCN(C(=O)Nc3ccc(Cl)c(Cl)c3)CC2)C1,5.26
18737836,CCn1cc(-c2ccc3c(c2)CCN3C(=O)Cc2cccc(OC(F)(F)F)c2)c2c(N)ncnc21,6.06
17884485,COc1cc2c(Oc3ccc(NC(=O)C4(C(=O)Nc5ccc(F)cc5)CC4)cc3F)ccnc2cc1OCCCN1CCOCC1,6.56
15078849,Cc1cc2c(s1)Nc1ccccc1N=C2N1CCN(C)CC1,7.41
1142487,CNS(=O)(=O)c1ccc(N/C=C2\C(=O)Nc3ccccc32)cc1,5.54
15623435,O=C(CCCCCCc1nc(-c2ccc(F)cc2)no1)NO,5.71
16452031,CS(=O)(=O)Nc1cccc(N2CCN(CCCCNC(=O)c3ccc4ccccc4c3)CC2)c1,8.8
12694369,CCCCCCCCCn1cc[n+](CC(O)(P(=O)([O-])O)P(=O)(O)O)c1,7.1
19481576,O=C1N(c2ccc(-c3ccccc3)cc2)C(=O)C2(CCN(Cc3ccccc3O)CC2)N1c1ncccn1,4.91
14589570,CNC(=O)c1cccc(CNC(=O)C2CCN([C@H](C)c3cccc4ccccc34)CC2)c1,6.2
18891610,O=C1CC2(CCCC2)CC(=O)N1CCCCN1CCN(c2ncccn2)CC1,7.68
9596714,CC(=O)Nc1ccc(-n2nc3ccc(N)nc3n2)cc1,5.3
17754030,CC(C)(CNC(=O)c1ccc(NC(=O)N2Cc3ccc(F)cc3C2)cc1)N1CCOCC1,7.73
2902351,Nc1nc(Nc2ccc(S(N)(=O)=O)cc2)nn1C(=O)c1c(F)cccc1F,5.77
17667070,Cc1c(C)n(Cc2ccc(-c3ccccc3)cc2)c2ccc(C(=O)N[C@@H](C)[C@H]3CCCN3C(=O)OCc3ccccc3)cc12,7.7
1426302,CN(C)CC/N=C(/S)NCCc1ccc(S(N)(=O)=O)cc1,7.2
25079086,Cc1nn2c(c1C1CCN(C[C@H]3CN(CC4(C(=O)O)CC5CC5C4)C[C@@H]3c3cc(F)cc(F)c3)CC1)CCC2,5.13
5657612,COc1ccc(NC(=O)Cn2nnc(-c3ccccc3NS(=O)(=O)c3ccc(OC)cc3)n2)cc1,4.87
25036500,C=CC(=O)N1CCC[C@@H](n2nc(-c3ccc4ccccc4c3)c3c(N)ncnc32)C1,7.8
16667737,Cc1cc2ccc1[C@@H](C)COC(=O)Nc1ccc(S(=O)(=O)C3CC3)c(c1)CN(C)C(=O)[C@@H]2Nc1cc(F)c2c(N)nccc2c1,9.0
17741180,C[C@H]1COCCN1c1nc(-c2cnc(N)nc2)c2c(n1)N(C1CN(C(=O)OCC(=O)N(C)C)C1)CC2,9.99
15137389,COc1cccc(C(=O)N2CCc3cc(-c4cccnc4)ccc32)c1,6.22
25467096,COc1cc([C@@H]2c3cc4c(cc3[C@H](OC(=O)Cc3cccc(NC(=O)COc5ccc(C(C)C)cc5)c3)[C@H]3COC(=O)[C@H]23)OCO4)cc(OC)c1OC,5.56
19072157,COc1cc(OC)c(C(=O)/C=C/c2ccc(C(F)(F)F)cc2)c(O)c1CC=C(C)C,4.63
9635886,Cc1cccc(NC(=O)Nc2ccc(-c3coc4ncnc(N)c34)cc2)c1,5.9
17678227,CO[C@H]1CC[C@]2(CC1)Cc1ccc(OCCC(F)(F)F)cc1C21N=C(C)C(N)=N1,8.12
19476232,C=C1C(=O)[C@@]23C(=O)OC[C@@]4(C2CC[C@@H]1[C@H]3OC(=O)CCC(=O)OCCCCOc1no[n+]([O-])c1S(=O)(=O)c1ccccc1)[C@@H](OC(C)=O)CCC(C)(C)[C@H]4C=O,5.52
16479858,COc1ccc(OC)c(/C=C/C(=O)Nc2cc3c(Nc4ccc(F)c(Cl)c4)ncnc3cc2OC)c1,4.46
19142750,O=C(CCCCCCNC(=O)c1cnc(N(c2ccccc2)c2ccccc2Cl)nc1)NO,6.5
24927576,CCCOCc1cc(CN2CCN(C)CC2)c(O)c2ncccc12,5.23
18911416,C=CC[C@@H](Cc1c[nH]c2ccccc12)NS(=O)(=O)c1ccc(F)c(C(F)(F)F)c1,4.57
22799000,CNC(=O)c1ccccc1Oc1nc(Nc2cccc(C)c2)ncc1Br,5.21
12338145,CC/C=C\CCCCCCCCCC(=O)C(F)(F)F,5.12
1170053,NS(=O)(=O)c1ccc(N/N=C2\C(=O)Nc3ccc4[nH]nc(Cl)c4c32)cc1,7.08
6344481,Cc1ccc2c(c1)c(-c1ccc[nH]c1=O)c(C(=O)O)n2Cc1ccc(F)cc1F,7.34
25697741,Cc1ccccc1C(=O)Nc1ccc(S(=O)(=O)NC(C)C2CCNC2)c2ccccc12,7.07
16544454,Oc1ccc2c(c1)[C@]13CCN(CC4CC4)[C@@H](C2)[C@]1(O)Cc1cc2ccccc2nc1C3,8.49
17613846,Cc1ccc(C(=O)Nc2ccc(NC(=O)/C=C/CN(C)C)c(C(F)(F)F)c2)cc1Nc1nccc(-c2cccnc2)n1,6.67
305218,COc1cc2cc(C(=O)N3CC(CCl)c4c3cc(NC(=O)OCc3ccc([N+](=O)[O-])cc3)c3ccccc43)[nH]c2c(OC)c1OC,6.41
19305841,C=CC(=O)Nc1ccccc1C1CCNc2c(C(N)=O)c(-c3ccc(OCC4CC4)cc3)nn21,8.6
839057,COc1ccc(-c2cc3c(OC)cc(OC)cc3n(CCc3nnn[nH]3)c2=O)cc1,5.0
24700368,Cc1cccc(C(=O)Nc2cccc(-c3oc4cc(-c5ccc(F)cc5)ccc4c(=O)c3O)c2)c1,5.11
146142,CC(=O)N[C@@H](Cc1ccc(OP(=O)(O)O)cc1)C(=O)N[C@@H](CCC(=O)O)C(=O)N(C)CCCC1CCCCC1,5.05
24406588,Cc1cc(-c2ccncc2)cc(C)c1Nc1ccnc(Nc2ccc(C#N)cc2)n1,7.51
1932998,CCN(CC)CCNCCn1nc2c3c(cc(C)cc31)C(=O)c1cc(OC)cc(OC)c1-2,4.89
18921541,O=C1N[C@@H](Cc2ccc(O)c(I)c2)C(=O)N[C@H]1Cc1ccc(O)cc1,6.55
14595276,Cc1c(-c2cn(C(C)C)c(=O)c3ccccc23)c2cc(F)ccc2n1CC(=O)O,4.26
12100193,COc1cc(C(=O)N[C@@H](CC(=O)O)c2ccccc2C)nn1-c1ccccc1F,7.58
2676770,Cc1c(C(=O)NN2CCCCC2)nn(-c2ccccc2)c1-c1ccc(C2CC2)cc1,7.18
803369,O=C([O-])C1=C(/C=C/[N+](=O)[O-])CS(=O)(=O)C2/C(=C\c3ccccn3)C(=O)N12.[Na+],7.0
17650127,Cc1nc(C(=O)Nc2cccc(C3(C)COCC(N)=N3)c2)cs1,5.42
18744235,CC1(C)CC2=C(O1)c1ccccc1C(=O)C2=O,5.59
22058597,COc1ccc(-c2ccnc3nc(N4CCCCC4)[nH]c(=O)c23)cc1,5.41
18335935,CC(C)(C)C(=O)OCC1(CO)C/C(=C\c2cn(CC3CC3)c3ccccc23)C(=O)O1,8.45
14656717,Cc1ccc(-n2nccn2)c(C(=O)N2CCN(c3nc(N)c4cc(C)sc4n3)CC[C@H]2C)c1,7.46
13220903,CC(=O)c1c(C)c2cnc(Nc3ccc(N4CCNCC4)cn3)nc2n(C2CCCC2)c1=O,4.54
1242555,Cc1ccc(C2=CCC(C)(C)c3cc4ccc(-c5ccc(C(=O)O)cc5)cc4cc32)cc1,8.15
13342037,CC(C)(C)[C@@]1(O)CCN2C[C@@H]3c4ccccc4CCc4cccc(c43)[C@H]2C1,9.13
3942505,Cc1oc2c(c1C(=O)NCc1cccnc1)C(=O)c1ccccc1C2=O,6.24
18311453,O=c1[nH]c(-c2ccc(F)cc2)nc2sc3c(c12)CCCC3,5.07
22461251,C/C(=C\CC/C(C)=C/CC[C@@H]1[C@@]2(C)CCC(=O)C(C)(C)[C@H]2CC[C@@]1(C)O)CC/C=C(\C)C(=O)OCc1cn(-c2cccc(O)c2)nn1,4.55
18151165,COc1ccc2nc(CNCc3ccc(/C=C/C(=O)NO)cc3)ccc2c1,5.57
18492861,O=C(Nc1ccc(Oc2ccc(C(=O)O)cc2)cc1)Nc1ccc(OC(F)(F)F)cc1,8.15
2411370,COc1ccc(NC(=O)c2cc3ccc(OCc4ccccc4)cc3oc2=O)cc1OC,5.36
5196936,CC(C)[C@@H]1CC[C@@H](C)C[C@H]1OC(=O)NCCCCCCc1c[nH]c(N)n1.Cl,4.75
676411,O=C1C2CCCN2C(=O)N1CCCCN1CCN(c2ccc([N+](=O)[O-])cc2)CC1,6.61
1762854,CCN(CC)c1ccc2c(C#N)c(N)c(=O)oc2c1,4.51
15098802,COc1cc([C@@H](CC=C(C)C)OC(=O)c2ccccc2)c(OC)c2c1/C(=N/O)C=C/C2=N\O,5.72
18369930,CCNC(=O)c1ccc2c(ccn2-c2ncc3c(n2)N(C2CCCC2)[C@H](CC)C(=O)N3C)c1,7.21
1068072,N=C(N)c1cccc(C(=O)N[C@@H](C(=O)NCCCc2ccccc2)c2ccccc2)c1,5.66
18219437,CN(c1cnn(C)c1)c1nc([C@@](C)(c2ccc(-c3cnc(N)nc3)cc2)C2CC2)no1,7.54
7802125,CSc1ccc2c(c1)N(CCC1CCCCN1C)c1ccccc1S2,8.36
14776566,O=C(NCC(c1ccsc1)N1CCCCCC1)c1ccc(C(F)(F)F)cc1,4.74
1687026,COc1cccc(C(=O)C#Cc2ccc(S(C)(=O)=O)cc2)c1,5.0
330298,CC(C)NC(=N)c1ccc(-c2ccc(-c3ccc(C(=N)NC(C)C)cc3)o2)cc1,5.19
38281,N=C(N)N1CCC[C@H](NC(=O)CNC(=O)[C@@H](CCNC(=O)c2cnc3ccccc3c2)NC(=O)OCc2ccccc2)C1O,7.69
453277,CCCN(CCC)c1ccc(S(=O)(=O)Nc2ccccc2)cc1,4.7
18940356,Cn1ccc2ccc(-c3ccc4cnn(Cc5cc(F)cc(C(=O)O)c5)c4c3)cc21,5.34
25095186,NCCCCCCN[C@H]1CS(=O)(=O)C[C@@H]1S(=O)(=O)c1ccc(Cl)c(Cl)c1,5.13
16759852,CC(C)c1ccc(NS(=O)(=O)c2ccc3[nH]c(=O)c(=O)[nH]c3c2)cc1,4.97
14589452,CN(C)CCN(C)CC(=O)Nc1cc2c(Nc3ccc(F)c(Cl)c3)ncnc2s1,4.75
6161937,COCCCc1cc(CN(C(=O)[C@H]2CNCC[C@@H]2c2ccc(OCCOc3c(Cl)cc(C)cc3Cl)cc2)C2CC2)cc(OC[C@H]2C[C@@H]2C(=O)NS(C)(=O)=O)c1,11.0
17990158,CN(c1ccc(OC(F)(F)F)cc1)c1ccc(C(=O)Nc2ccccc2B2OC(C)(C)C(C)(C)O2)cn1,7.4
15611005,CN1Cc2cc(-c3cccc([C@H](O)CO)n3)ccc2Oc2ccc(C(F)(F)F)cc21,6.36
24388073,Nc1ccc2c(c1)CCc1c(-c3ccc(F)cc3)cc(-c3ccc(O)cc3)nc1-2,5.53
5019860,O=C(C[n+]1ccc(-c2ccccc2)cc1)Nc1ccc([N+](=O)[O-])cc1.[Br-],4.56
1925546,COCCCOc1cc(C[C@@H](C[C@H](N)[C@@H](O)C[C@H](C(=O)NC[C@H]2CCC(=O)N2)C(C)C)C(C)C)ccc1OC.Cl,8.7
2447563,Cc1ccc(C)c(C#Cc2cncnc2)c1,4.95
22847999,O=C(NCc1cn(-c2ccc(O)cc2)nn1)c1ccccc1,4.48
14732471,COc1ccc(CC(=O)N2CCC3(CC2)CN([C@@H]2CCc4cc(-c5nccc(C)n5)ccc42)C3)nc1,7.81
22479877,Cl.NC1=NC(c2ccccc2F)C2=C(N1)/C(=C/c1ccccc1F)CN(S(=O)(=O)c1ccccc1)C2,5.07
2007080,COc1ccc2c(c1)[n+]([O-])c(NCCCn1ccc(C#N)c1)n[n+]2[O-],4.39
1415760,COc1ccc(CNc2ccc3nc(N)nc(N)c3c2)c(OC)c1,5.36
15126330,CC(C)[C@H]1NC(=O)C[C@@H](C/C=C\CCC(=O)O)NC(=O)[C@@H](Cc2c[nH]c3ccccc23)NC(=O)[C@@H](C)NC1=O,6.52
1260686,O=C1c2ccccc2N(Cc2ccccc2)S(=O)(=O)N1Cc1ccccc1,5.28
620651,C[C@]12CCC3C(CC[C@H]4C[C@H](O)CC[C@]34C)C1CCCN2C(=O)C(F)(F)F,6.37
25103600,C/C=C/Cn1cc(-c2cc(OC)c(C(=O)N3CCOCC3)cc2OC)c2cc(C)[nH]c2c1=O,5.3
22434636,CC(C)n1nc2c(c1-c1ccc(Cl)cc1)CCNCC2,8.05
5784081,CN(C)c1cc(N/N=C\c2ccccc2)nc(N(C)C)n1,5.22
2474177,C[C@@H](C1CCCCC1)N(C)C(=O)c1cc2ccccc2[nH]1,7.9
15041923,CCCC[C@H](NC(=O)[C@@H]1CCCN1C(=O)[C@H](C)NC(=O)CN=[N+]=[N-])C(=O)N[C@@H](Cc1ccccc1)C(=O)[C@@]1(C)CO1,6.24
10918284,COc1cc(COC(=O)c2ccc(-c3ccccc3)o2)cc(OC)c1OC,4.91
15033498,NS(=O)(=O)c1ccc(NC(=O)NNS(=O)(=O)c2ccc(Cl)cc2)cc1,7.64
13208411,CC1=C(/C=C/C(C)=C/C=C/C(C)=C/C(=O)O)C(C)(C)CCC1,4.39
6391002,Cn1cc2c(nc(NC(=O)Nc3ccccc3)n3nc(-c4ccc(Cl)cc4)nc23)n1,6.01
18343150,COc1ccccc1/C=C/C(=O)c1ccc(O)c(O)c1,4.59
9549599,CS(=O)(=O)N(Cc1ccc2[nH]c(=O)c3cccn3c2c1)C1CC1,6.7
17772611,O=c1[nH]c(CN2CCN(c3ccccc3O)CC2)nc2ccccc12,5.0
2372031,CCCc1ccc(Nc2noc3c(C(=O)Nc4cncnc4)c(Cl)ccc23)cc1,6.72
13233348,COc1ccc(N(C(=O)Oc2c(C)cccc2C)c2ccnc(Nc3ccc(N4CCN(C)CC4)cc3)n2)c(OC)c1,5.24
13423604,COc1ccc(Nc2cc(/C=C/c3ccc(OC4CCCCO4)cc3)nc(N)n2)cc1,5.57
19163756,COc1ccc(NC(=O)c2nc3c(s2)CN(C)CC3)c(C(=O)Nc2cccc(Cl)c2)c1,6.5
1767523,COc1cc(Nc2c(C#N)cnc3cc(OCCCN4CCN(C)CC4)c(OC)cc23)c(Cl)cc1Cl,6.0
3528847,COC(=O)[C@@]1(C)CC[C@]2(C)CC[C@]3(C)C(=CC(=O)[C@@H]4[C@@]5(C)CC[C@H](OC(=O)[C@H](C)N)C(C)(C)[C@@H]5CC[C@]43C)[C@@H]2C1,5.44
1509553,O=C(NC/C=C/CN1CCN(c2cccc(Cl)c2Cl)CC1)c1cc2ccccc2o1,7.12
17777228,COc1ccc2c(c1)[C@]13CCN(CC4CC4)[C@H](C2)[C@]1(O)C[C@H](CCO)C(=O)C3,6.23
3016702,COC(=O)c1[nH]c2ccc(OC)cc2c1C(=O)c1cc(O)c(OC)c(OC)c1,6.81
24697078,N#Cc1ccc(-n2ccc(CNC(=O)c3ccc([N+](=O)[O-])cc3)n2)cc1C(F)(F)F,5.73
10899582,CCCc1c(OCCCn2ccc3cc(CCC(=O)O)ccc32)ccc2c(C(F)(F)F)noc12,7.16
2121295,Cn1nc(C(C)(C)C)cc1NC(=O)C(=O)c1ccc(OCCN2CCOCC2)c2ccccc12,6.82
22769790,NC1CCc2nc(-c3ccncc3)nc(Nc3cccc(F)c3)c2C1,5.0
10272010,COc1cc(-c2nnc(-c3cc(-c4ccccc4)nc4ccccc34)o2)cc(OC)c1OC,5.38
23292332,COc1nc(C2=NOC(C3CC3)C(c3ccc(Cl)cc3)N2)ccc1-n1cnc(C)c1,5.35
1769069,Cc1ccc2c(c1)nc(O)n2C1CCN(C(=O)N[C@@H]2N=C(c3ccccc3)c3ccccc3N(CC(F)(F)F)C2=O)CC1,5.21
15220413,COc1cc(C(=O)NC2CCN(C)CC2)ccc1Nc1ncc(Cl)c(NC2CCCC2)n1,5.28
19058778,C[C@@H]1NC(=O)[C@H](CN)NC(=O)[C@H](Cc2ccccc2)NC(=O)[C@H](Cc2ccccc2)NC(=O)[C@H](CCCNC(=N)N)NC(=O)[C@@H]2CCCN2C(=O)[C@H]2CCCN2C(=O)[C@H](Cc2ccccc2)NC1=O,8.12
220196,CC(=N)Nc1ccccc1CC(N)C(=O)O,5.8
1605088,c1ccc2oc(-c3c[nH]nn3)cc2c1,7.89
272816,COc1cc(N)c(Cl)cc1C(=O)N[C@@H]1CN2CCC1CC2,9.64
13227718,Cc1cn(-c2cc(NC(=O)c3ccc(C)c(Nc4nccc(-c5cccnc5)n4)c3)cc(C(F)(F)F)c2)cn1,4.22
2013162,CC(C)(Oc1cccc(Cl)c1)C(=O)N[C@H]1C2CC3CC1C[C@](S(C)(=O)=O)(C3)C2,4.77
547927,NC1=CC2=NCCc3c[nH]c(c32)C1=O.O=C(O)C(F)(F)F,6.6
3009178,CC(C)C[C@H](NC(=O)[C@@H]1Cc2ccccc2CN1)C(=O)O,6.34
2517734,CC12CC(C)(C(=O)Nc3nccs3)C(c3ccccc31)c1ccccc12,9.0
13512998,COc1cccc(-c2cc3c4c(cccc4c2)C(=O)N(CCN(C)C)C3=O)c1,6.3
164269,CC1=C2C(=O)C(C)(C)C=C2C(=O)[C@](C)(O)C12CC2,6.52
24505598,Cc1noc(C)c1-c1cc(C(N)=O)c2c3cc(C(C)(C)O)ccc3n(Cc3ccccc3)c2c1,8.35
19006996,Cc1cc(-c2nc3sc4c(c3c(=O)[nH]2)CCN(C)C4)cc(C)c1OCCOCc1ccc(/C=C/C(=O)NO)cc1,6.01
18751865,Fc1cc(-c2csc(NCC3CCOCC3)n2)c(Cl)cn1,6.25
17740992,c1ccc2nc(OCc3cn4c(-c5cnc(N6CCNCC6)nc5)cnc(N5CCOCC5)c4n3)ccc2c1,7.23
25712249,Cc1csc2c(N[C@@H](C)CN3CCC(NS(=O)(=O)c4ccc(Cl)c(Cl)c4)CC3)ncnc12,4.82
6288863,Cc1cccc(N2C[C@]23C(=O)O[C@@H]2[C@H]3CC[C@H](C)[C@]3(O)C=CC(=O)[C@@]23C)c1,4.2
24733655,O=C(CCCCCCC(=O)Nc1ccccc1)NO,6.8
2618853,c1ccc(C2=NCCN2)nc1,4.6
16556404,O=C(O)c1cccc(Nc2ncnc3scc(-c4ccccc4)c23)c1,7.19
1700227,CCCCC/C=C\C/C=C\C/C=C\C/C=C\CCCC(=O)NCCO,4.84
907670,CN1CCN(C2=Nc3cc(Cl)ccc3Nc3ccccc32)CC1,8.41
23233142,CNC(=O)C(C)N(CC(c1ccccc1)c1ccccn1)C(=O)c1cc(C)c(=O)n(C)c1,4.8
24790907,O=C1OC(CCCN2CCN(Cc3ccccc3)CC2)c2ccccc21,7.87
589282,COc1ccccc1N1CCN(CCC(=O)NC2CCCc3c(OC)cccc32)CC1,6.12
18179271,c1ccc(-c2nc(CN3CCN(c4ncccn4)CC3)c[nH]2)cc1,8.68
17650839,CN(C)C(=O)Cn1cc(C(=O)c2cncc(NC(=O)Cc3ccc(Cl)cc3)c2)c2cncnc21,5.41
18079178,CCCCNC(=O)CN(CCCCCC(=O)NO)C(=O)c1ccc(N(C)C)cc1,5.68
4729408,CCCCC(=O)N/N=C/c1ccc(N2CCOCC2)c([N+](=O)[O-])c1,4.79
2452999,C[C@H](Nc1nccc(-c2c(-c3ccc(F)cc3)ncn2Cc2cccc(C(N)=O)c2)n1)c1ccccc1,7.26
18777738,c1ccc2c(NCCCCCCCNc3c4c(nc5ccccc35)CCCC4)c3c(nc2c1)CCCC3,8.72
16889212,O=C(NCCCCNC(=O)NCCOCCOCCOCCNS(=O)(=O)c1ccc(O[C@H]2c3ccccc3C[C@@H]2N2CCCCC2)cc1)NCCOCCOCCOCCNS(=O)(=O)c1ccc(O[C@H]2c3ccccc3C[C@@H]2N2CCCCC2)cc1,7.9
1442697,CN1CCCC[C@@H]1CCN1c2ccccc2Sc2ccc([S+](C)[O-])cc21,7.58
25487902,Cc1cnc(Nc2ccc(CNC(=O)C3CC3)cc2)nc1-c1cnn(C(C)C)c1,6.81
16882386,Cc1cccc(C(=O)Nc2cccc(Oc3ccc4c(/C=C/c5ccccc5)n[nH]c4c3)c2)c1,7.48
24751398,Nc1ccc(-c2c(C(=O)c3ccc(OCCN4CC(C(=O)O)=CCC4=O)cc3)c3ccc(O)cc3[nH]c2=O)cc1,7.14
16471020,O=C(CCn1cc(-c2c[nH]c3ncccc23)nn1)c1c[nH]c2ncccc12,4.35
18872455,C=CCCn1cc(-c2cc(C(=O)N3CCOCC3)c3c(c2)ncn3C)c2cc[nH]c2c1=O,5.44
18289878,COc1ccc(NC(=S)NCCCn2cncc2C)cc1OCCCCc1ccnc(N)c1,7.8
16562658,CC1(C)CC(=O)c2c(SCCO)sc(-c3cc[nH]n3)c2C1,6.62
1606063,CC(C(=O)O)c1ccc(-c2ccc(-c3ccc(O)cc3)cc2)c(F)c1,5.33
557355,Fc1ccc(-c2[nH]c(-c3ccc(-c4ccccc4)cc3)nc2-c2ccncc2)cc1,5.0
2119301,O=C(CNC(=O)c1cccc(F)c1)N[C@@H]1CCN(Cc2ccc(Cl)cc2)C1,5.36
10079506,Cc1nc(-c2c(C(F)(F)F)noc2-c2ccc(O)cc2O)cs1,4.64
1429238,C=C(C)C1OOC2(CCCC2)O[C@H]1C(C)(C)C,7.44
5237538,CN(C(=O)c1c[nH]c2ccccc12)[C@H]1CC[C@H]([C@H](N)Cc2cc(F)ccc2F)CC1,6.96
5541069,COc1ccc(C2=NN(C(=O)CCCC(=O)O)C(c3cn(-c4ccccc4)nc3-c3ccccc3)C2)cc1,4.76
12682557,CCNC(=O)Nc1ccc(-c2nc3c(c(N4CCOC[C@@H]4C)n2)CCN(c2ccnc(C)n2)C3)cc1,8.62
16463003,O=C(Nc1c(-c2nnc(-c3cccc(Cl)c3)o2)oc2nc(C(F)(F)F)ccc12)c1cccc(Cl)c1,4.7
19211417,Cc1noc(C)c1Cn1c(=O)nc(-c2ccccc2)c2c3c(sc21)CC(C(C)(C)C)CC3,5.09
15087542,CO[C@H]1/C=C\C=C(/C)C(=O)NC2=CC(=O)C(NCC3CCN(C(=O)/C=C/c4ccc(O)cc4)CC3)=C(C[C@@H](C)C[C@H](OC)[C@H](O)[C@@H](C)/C=C(\C)[C@@H]1OC(N)=O)C2=O,5.78
13234002,COc1ccc(N(C(=O)Oc2c(C)cccc2C)c2ccnc(Nc3ccc(N4CCN(C)CC4)cc3)n2)c(OC)c1,4.84
22843670,CN[C@@H]1C[C@H]2O[C@@](C)([C@@H]1OC)n1c3ccccc3c3c4c(c5c6ccccc6n2c5c31)C(=O)NC4,9.63
2927790,Nc1nonc1/C(=N/O)Nc1ccccc1Cl,5.19
13414955,CC[C@@H](NC(=O)c1ccc2nc(N[C@H]3CC[C@H](O)CC3)c3nccn3c2c1)c1ccccc1,6.85
251808,Cc1cc(N)ccc1CC(C)N,6.5
2604209,CCN(CC)CCN1CN(c2ccccc2)C2(CCN(Cc3c(Cl)cccc3Cl)CC2)C1=O,7.25
25102222,C/C=C/Cn1cc(-c2ccc(C(=O)N3CCOCC3)cc2)c2cc[nH]c2c1=O,4.91
168773,NC(=O)c1ccc([N+](=O)[O-])c(N2CC2)c1,4.21
1000738,O=C(COc1cc(C(F)(F)F)cc(C(F)(F)F)c1)N(c1ccc(F)cc1)C1CCNCC1,6.2
3497882,NC(=O)c1cccc(O[C@@H]2C[C@H]3CC[C@@H](C2)N3C2CCCc3ccccc32)c1,9.02
734931,CN(C)[C@@H]1C[C@@H](c2ccc(Cl)c(Cl)c2)c2ccccc21,7.42
16393617,CN(C)CCCc1cccc(OCc2ccc3ccc(N)nc3c2)c1.Cl.Cl,6.19
6319725,Cc1cc(OC[C@@H]2COc3ccccc32)ccc1C(=O)n1c(C)c(CC(=O)O)c2cc(F)ccc21,6.28
22412525,O=C(Nc1c2c(cc3c1CCC3)CCC2)NS(=O)(=O)/C=C/c1nc(CO)cs1,6.51
10894756,O=C(Nc1ccc(Cl)cc1)c1cn(-c2ccccc2)nc1-c1ccc(Cl)cc1,5.52
608098,C=C(COc1nc(N)nc2nc[nH]c12)c1ccccc1,4.43
22491346,CC(C)/C(=C1/SC(=O)NC1=O)c1ccc(-c2ccc3cccc(F)c3c2)[nH]c1=O,7.2
20647469,Cc1cc(C)c2[nH]ccc2c1CN1CCCCC1CNC(N)=O,4.57
20652106,COc1cc2cc(NC(=O)[C@H]3CCC[C@@H](NCc4ccccc4)C3)c(=O)oc2cc1OC,4.52
682177,O=C(COc1ccc(SCCCCCc2ccco2)cc1)COc1ccc(C(=O)O)cc1,6.0
7934853,O=C(N[C@@H]1c2ccccc2-c2c(-c3nc4cnccc4[nH]3)cccc21)c1ccnc2[nH]ccc12,6.96
10881470,Cc1cc(Nc2cccc(F)c2)nc(NCc2ccccc2)n1,5.12
16638697,COc1cc2c(Oc3ccc(NC(=O)c4cn(-c5c(Cl)cccc5Cl)nn4)cc3F)ccnc2cc1OCCCN1CCOCC1,6.54
3088902,CC(=O)N1CCc2c([nH]c3ccccc23)C1c1cccc(O)c1,5.6
15175480,Cl.Clc1ccc(C2CC3(N4CCCCC4)CNCC2C(c2ccc(Cl)cc2)C3)cc1,6.43
3455563,O=C(O)c1ccc(C(=O)/C(=C\c2ccc(Br)c([N+](=O)[O-])c2)SCc2ccc(F)cc2)cc1,6.4
2283962,NCCCCNCCCCNCc1c2ccccc2cc2ccccc12,5.85
17724529,Cc1onc2c1CC1(CC2)Cc2ccc(Br)cc2C12N=C(N)N(C)C2=O,7.78
814971,O=C(N[C@H]1CCCCN([C@@H](Cc2ccccc2)C(=O)O)C1=O)[C@@H](S)Cc1ccccc1,6.32
25725779,O=C(NCc1cccc(Cn2cnc3ccccc32)c1)c1cc(Br)c[nH]1,7.8
17615708,CC[C@@H](c1ccc(-c2ccn(C)c(=O)c2)cc1)N1CC[C@](C)(c2ccccc2)OC1=O,8.41
20642076,NC1CCN(C2C(F)=Cc3c4n(cc(C(=O)O)c3=O)-c3ccccc3OC42)C1,7.52
12137325,COCC(=O)N[C@@H](Cc1cccc(-c2nccs2)c1)[C@H](O)CN[C@H]1CC2(CCC2)Oc2ncc(CC(C)(C)C)cc21,8.19
19098143,CCOP(=O)(OCC)C(NNC(=O)CSc1nnc(-c2ccncc2)o1)c1ccc(F)cc1,4.5
1417584,C[C@@H]1CCCN1CCc1cc2cc(C(=O)c3cccc(Cl)c3)ccc2o1,9.19
558896,CCCCCCOc1ccc(C(=O)NCCC(C)(C)C)cc1,6.6
24742687,C[C@@]1(c2cccc(NC(=O)c3cccnc3)c2)O[C@H]2CO[C@@H]3N2[C@H]1O[C@@]3(C)c1cccc(NC(=O)c2cccnc2)c1,6.58
17691062,N#Cc1cccc(COc2c(C3CCC3)ccc(-c3cnc(N)cn3)c2F)c1,7.01
24392913,O=C(/C=C/c1c[nH]c2ccccc12)c1cc(Cl)ccc1O,6.12
15689416,Cc1nsc(-c2nnc3n2CCN(C(=O)c2ccc(Cl)cc2)[C@@H]3C)n1,7.7
6971406,O=C(O)c1cc(-c2ccco2)nn1-c1cccc(Cl)c1,5.27
470402,Oc1nc2ccncc2c(O)c1-c1cccc(Oc2ccccc2)c1,4.7
23183824,COc1ccc2[nH]c3c(c2c1)CCN(C(=O)CCc1ccccc1F)C3c1ccccc1,6.57
10845104,COCCNC(=O)c1c(NC(=O)C23CC4CC(CC2C4)C3)sc2c1CCOC2,6.58
646690,CNc1ccc(C#CCCN2CCC(Cc3ccccc3)CC2)cc1,6.34
17648238,CCC(C)(C)C(O)c1cccc(-c2cc(NC(=O)[C@@H]3CNC(=O)C3)nn2-c2ccccc2)c1,7.68
772640,CC(C)(C)c1cc(/C=C2/CCN(O)S2(=O)=O)cc(C(C)(C)C)c1O,6.16
17639677,COc1cc(C(=O)NC2CCN(C)CC2)ccc1Nc1ncc(C(F)(F)F)c(Oc2ccccc2CC(N)=O)n1,7.11
24993166,CCCCCCCCCCCCN1C(=O)C(C2(OC)CCC3(C=CC(=O)C=C3)O2)C12C=CC(=O)C=C2,7.22
23199716,Cc1cc(N2C(=O)C3(CCC3)N(c3ccc(OC4CCNCC4)nc3)C2=S)cnc1C#N,6.58
1914733,CCCCCNC(=O)NS(=O)(=O)c1cc([N+](=O)[O-])ccc1Oc1cccc(Cl)c1,6.7
22928124,COc1cc(-c2c3c4cc(OC)c(O)cc4oc(=O)c3n3ccc4cc(O)c(OC)cc4c23)ccc1O,7.51
2393706,CCOc1ccn(-c2ccc(F)cc2)c(=O)c1C(=O)Nc1ccc(Oc2ccnc(N)c2Cl)c(F)c1,8.74
17736174,CCOc1cccc(OC)c1C1CCCC(=O)N1Cc1ccc(OC(F)(F)F)cc1,7.43
1416061,COc1cc2ncc(C#N)c(Nc3ccc(Sc4nccs4)c(Cl)c3)c2cc1NC(=O)/C=C/CN(C)C,5.8
15212631,Nc1ccc2[nH]c3ccc(N)cc3c(=O)c2c1,5.6
10842343,O=c1[nH]nc2cc(CO)c3ccc(-c4ccc[nH]4)cc3n12,6.19
810726,CCNC(=O)NC[C@@H]1C[C@H]1c1cccc2c1OC(CC)N2,8.66
13394615,CC(C)(C)c1cc(C(C)(C)C)c2oc(=O)c(/C=N/c3ccc(S(=O)(=O)NC(=N)N)cc3)c(Cl)c2c1,6.99
17758241,O=C(O)c1cccc(Nc2ccc(Br)cc2)c1,6.92
883866,CNc1ccc(C)c(Nc2nccc(-c3cccnc3)n2)c1,4.15
18570478,Nc1ncc(-c2ccc(Br)cc2)n1CCCCCCCCn1c(-c2ccc(Br)cc2)cnc1N,5.52
13294260,O=C(CCN1CCOCC1)Nc1ccc2nc3c4[nH]c5ccccc5c4ccn3c(=O)c2c1,5.51
6307485,Cc1cccc2c1C(=O)N(c1cccc(C(=O)O)c1)C2=O,4.52
7997113,Nc1nc(Nc2ccc(F)c(Cl)c2)c2nc[nH]c2n1,5.5
22399870,CCC(=O)CCCCC[C@H](NC(=O)[C@H]1CC12CCN(C)CC2)c1[nH]c(-c2ccc(F)cc2)nc1C(N)=O,8.2
13457597,OC12C3C4CC5C6C4C1C6C(C53)N2Cc1ccccc1,7.92
20647013,C[C@H]1C[C@@](O)(CC(=O)O)[C@]2(O)O[C@@H]3C[C@@]4(C=O)[C@@H](CC[C@@H]5[C@@H]4CC[C@]4(C)[C@@H](C6=CC(=O)OC6)CC[C@]54O)C[C@H]3O[C@H]2O1,5.8
18531242,CSc1ccc(/C=C/c2ccc3c(NCCN4CCN(C)CC4)c4[nH]c5ccccc5c4[n+](C)c3c2)cc1.[I-],5.57
7592376,C[C@@H](Oc1cc(-n2cnc3ccc(CN4CCN(C)CC4)cc32)sc1C(N)=O)c1ccccc1C(F)(F)F,5.47
13889128,Clc1cccc(CC2(Cc3nnn[nH]3)C3CC4CC(C3)CC2C4)c1,6.35
17655338,C=C(C)COc1cc(N2CC[C@@H](Oc3ccc([C@H](C)NC(C)=O)cc3)C2)ccn1,7.11
25593404,Cc1cc(C)cc(C(N=[N+]=[N-])c2nc(SC(C)C)[nH]c(=O)c2C)c1,4.45
17771833,CN(CC1(C#N)CCCCC1)C1CCN(c2nc(-c3cc(Cl)ccc3OC(F)F)c(NC(=O)c3cnn4cccnc34)s2)CC1,8.26
1651835,Oc1c2ccccc2c2c3c(cccc13)N=N2,5.43
17725073,O=C1OCc2cc([C@H]3CN4CCN(C(=O)Cc5ccc(-n6cnnn6)cn5)C[C@H]4CO3)ccc21,6.75
15775032,CCCc1ccc(OS(=O)(=O)c2ccc(NC(=O)NCCCl)cc2)cc1,4.96
654268,COc1ccc2c(c1)c(CC(=O)O)c(C)n2C(=O)c1ccc(Cl)cc1,6.1
1426774,CCCCCc1ccc(S(=O)(=O)NCCc2c[nH]c3cc(C(=O)OC)ccc23)cc1,6.33
2246113,O=C(O[C@@H]1CN[C@H](C#Cc2cc3ncnc(Nc4ccc(OCc5cccc(F)c5)c(Cl)c4)c3s2)C1)N1CCOCC1,7.1
23129331,N#Cc1cc(COc2ccc(C(F)(F)F)cc2Cl)cc(C(=O)O)c1,8.1
1755430,CC(CO)/N=C(\N)c1c(O)nsc1Nc1cccc(Cl)c1Cl,7.42
3287450,O=C(O)CCCOc1cccc(CCCCCCOc2cc(-c3ccccc3)cc(-c3ccccc3)c2)c1CCC(=O)O,6.2
2062200,CN(C)CCCOc1ccc(/C=C/C(=O)N(C)CCCOc2c(Br)cc(CCN(C)C)cc2Br)cc1Br,5.16
12202425,CCCCNC(=O)c1nc(-c2nc(C)cs2)c(-c2ccc3ncsc3c2)[nH]1,7.35
18250350,O=C1Cc2cc(Br)ccc2/C1=c1/[nH]c2ccccc2/c1=C\O,8.3
2679510,O=C(NC1CCc2ccccc2C1)N1CCC(c2nc(-c3ccccn3)no2)CC1,8.1
2349824,CCOc1ccccc1N1CCN(CC(O)CNC(=O)c2cccnc2Sc2ccc(OC)cc2)CC1,9.3
12179001,COc1cc(-c2cc(=O)c3ccccc3o2)ccc1OCCOCCN(CCOCCOc1ccc(-c2cc(=O)c3ccccc3o2)cc1OC)C(=O)OC(C)(C)C,5.08
18694281,Cc1ccc(CN[C@H]2C[C@@H]2c2ccccc2)cc1Cl,7.19
19487738,CCn1c(=O)c2c(nc(/C=C/c3ccc(OC)c(OC)c3)n2C)n(CC)c1=O,6.08
16315500,C[C@H](Nc1nc(Nc2ccc(S(=N)(=O)CCO)cc2)ncc1Br)C(C)(C)O,8.4
13241667,COc1cc2c(Nc3ccc(NC(=O)c4ccccc4)cc3)ncnc2cc1OCCCN1CCOCC1,4.9
15235522,CC(C)(C(=O)c1cccnc1)c1cccnc1,7.82
1837235,CC(Oc1ccccc1-c1cccc([N+](=O)[O-])c1)C1=NCCN1,7.22
1138504,CCCCCCNC(=O)Nc1ccc(S(=O)(=O)Nc2ccc(CC3NCCc4cc(O)c(O)cc43)cc2)cc1,6.7
13218606,CCC1=C[C@@H]2CN(C1)Cc1c([nH]c3ccccc13)[C@@](C(=O)OC)(c1cc3c(cc1OC)N(C)[C@H]1[C@@](O)(C(=O)OC)[C@H](OC(C)=O)[C@]4(CC)C=CCN5CC[C@]31[C@@H]54)C2,8.54
23171442,CCN(CC)CCn1cnc2c(=O)oc3ccccc3c21,4.43
24852960,NC(=O)c1cc2c(-c3ccc(C(=O)NCc4ccccc4O)s3)cccc2s1,7.18
3527414,CN1CCN(CCCCNc2cc3c4c(c(NCCCCN5CCN(C)CC5)cc5c4c2C(=O)N(CCCCN2CCN(C)CC2)C5=O)C(=O)N(CCCCN2CCN(C)CC2)C3=O)CC1,7.16
13957163,COc1ccc2c(c1)[C@@H]1C[C@]1(C(=O)N1C3CCC1CN(C)C3)Cn1c-2c(C2CCCCC2)c2ccc(C(=O)NS(=O)(=O)N(C)C)cc21,8.3
12081778,CCCn1c2cc(OCc3ccccc3)ccc2c2cc[n+](Cc3ccccc3)c(C)c21.[Br-],5.58
7590185,CNC(=O)c1c(F)cccc1Nc1nc(Nc2cc3c(cc2OC)CCN3C(=O)CN(C)C)nc2[nH]ccc12,5.82
2706682,COCCN1CCc2c(C)c(NS(C)(=O)=O)c(C)c(NC(=O)C(C)(C)C)c21,5.8
25586940,COc1ccc(/C=C\c2cc(OC)c(OC)c(OC)c2)cc1O,5.92
394767,CC(C)=CCC/C(C)=C/CC/C(C)=C/CC/C(C)=C/CONC(=O)C(C)P(=O)(O)O,6.82
3301534,CCCCCCCCCCCCCCn1cc(CN[C@H]2[C@H](O)[C@@H](O)[C@H](O)[C@@H](O)[C@@H]2O)nn1,7.0
25592745,COc1cccc(CNCC(O)Cn2c3ccccc3c3ccccc32)c1,4.1
1198369,CCCS(=O)(=O)c1cc(NC(Cc2ccc(NC(=O)c3c(Cl)cncc3Cl)cc2)C(=O)O)ncc1C(=O)O,8.0
15156290,C[C@@H](Oc1cc(-c2cnn(C3CCNCC3)c2)cnc1N)c1c(Cl)ccc(F)c1Cl,6.7
3435460,COc1cc(OCC2CO2)cc2oc3ccccc3c(=O)c12,4.98
19131548,O=C(O)c1cn(C2CC2)c2cc(N3CCNCC3)c(F)cc2c1=O,4.29
2938333,Cc1cnc(Nc2ccccc2)nc1-c1c[nH]c(C(=O)N[C@H](CO)c2cccc(F)c2)c1,8.3
2117040,Clc1ccc(N2CCN(Cc3cc4ccccn4n3)CC2)cc1,8.66
6378680,CN(C)CCOc1ccc(C(=O)N(CC(=O)Nc2cc(F)cc(F)c2)C2CCCCC2)cc1,4.7
17795439,N#Cc1ccc2nnc(C(=O)N3CCC(c4c(F)cccc4C(F)(F)F)CC3)n2c1,7.04
22481110,Cc1nnc2n1-c1sc(Br)cc1C(c1ccccc1Cl)=NC2,8.59
368909,COc1cc2ncc(C#N)c(Nc3ccc(F)c(Cl)c3)c2cc1NC(=O)/C=C/C(C)N(C)C,6.72
16749172,COc1cc(Nc2nccc3c(-c4ccccc4)n[nH]c23)cc(OC)c1OC,5.42
788914,CCc1nc2[nH]c(N3CCOCC3)nc(Nc3ccc(Cl)cc3)c-2n1,6.28
2116775,Cc1cn2cc(C(=O)N3C[C@H]4CC[C@@H]3C4)cc2c(C#Cc2ccsc2)n1,6.2
19057961,C=CC(=O)N1CCN(c2nc(=O)n(-c3c(C)ccnc3C(C)C)c3nc(-c4c(O)cccc4F)c(Cl)cc23)[C@@H](C)C1,9.0
13242614,COc1cc2ncnc(Nc3ccc(F)c(Cl)c3)c2cc1OCCCN1CCOCC1,5.37
10870049,CN1CCN(Cc2ccc(Nc3ncc(Cl)c(-c4ccc(F)cc4S(=O)(=O)N4CCCC4)n3)cc2)CC1,6.72
18024425,Cc1c(CC2CCCCC2)n(COCc2ccccc2)c(=O)[nH]c1=O,5.17
22898156,C[C@@H]1NC(=O)[C@H](CC(N)=O)NC(=O)[C@H](Cc2ccccc2)NC(=O)[C@H](Cc2ccccc2)NC(=O)[C@H](CCCNC(=N)N)NC(=O)[C@@H]2CCCN2C(=O)[C@H]2CCCN2C(=O)[C@H](Cc2ccccc2)NC1=O,8.2
13442124,COc1cc(C2Oc3cc([C@H]4Oc5cc(O)cc(O)c5C(=O)[C@@H]4O)ccc3OC2CO)ccc1O,4.68
15144092,O=C(CN1CCNCC1)N1N=C(c2ccc(F)cc2)CC1c1cc(Cl)ccc1O,4.23
23268657,NS(=O)(=O)OC[C@H]1C[C@@H](Nc2ncncc2C(=O)c2ccn(Cc3ccc(Cl)s3)n2)C[C@@H]1O,8.7
17986134,CN1C(=O)[C@@H](NC(=O)c2cc(Cc3ccccc3)on2)CSc2ccccc21,10.2
16509184,CN(C)CCOC(=O)[C@@]1(C)CC[C@]2(C)CC[C@]3(C)C(=CC(=O)[C@@H]4[C@@]5(C)CC[C@H](O)C(C)(C)[C@@H]5CC[C@]43C)[C@@H]2C1,5.04
1242463,CCCCC/C=C\C/C=C\C/C=C\C=C\C(CCCC(=O)O)NO,4.68
15146717,Nc1nnc(-c2ccc3[nH]cc(-c4cccc(N5CCOCC5)n4)c3c2)s1,7.8
15131563,Cc1cc(/C=N/NC(=O)Nc2ccc(-c3nc(NCCCN4CCOCC4)c4sccc4n3)cc2)cc(C)c1O,5.86
1676423,CCCCC(=O)N1CCN(C2c3ccc(Cl)cc3CCc3cc(Br)cnc32)CC1C(=O)Nc1cccnc1,7.75
23185382,COc1cc(C(=O)NCCN2CCC(OC(=O)Nc3ccccc3-c3ccccc3)CC2)c(Cl)cc1CNC[C@H](O)c1ccc(O)c2[nH]c(=O)ccc12,9.3
147812,N[C@H]1C[C@H]1c1c[nH]cn1,5.86
38654,NC(=O)CC(/N=C(\S)Nc1ccc(S(N)(=O)=O)cc1)C(=O)O,8.22
2072616,Cc1cc2c(s1)CCNC2,4.6
17623786,CCCCN1CCN(C(=O)c2ccc(-c3ncnc(CC)c3C#Cc3ccc(N)nc3)cc2Cl)CC1,9.0
15028810,CS(=O)(=O)c1ccc(N2CCN=C2c2ccc(Cl)cc2)cc1,5.15
3123949,COC(=O)OCc1cncn1Cc1ccc(C#N)cc1,7.36
22970043,COc1cc2cc(NC(C)=O)c(=O)oc2cc1OCCCCCCOc1c[n+]([O-])on1,4.76
18671030,CCCc1cc(C(=O)OCC)c(NC(=O)C2CCN(C(C)=O)CC2)s1,5.23
15724505,COc1cc(-n2cnn3cc(-c4ccc(Cl)cc4)cc3c2=O)ccc1OCC(C)(C)O,8.74
3108039,CCCCCCCCCCCCCCCCCCN(C)C(=O)[C@@H]1CSC(c2ccc(NC(C)=O)cc2)N1,5.75
719277,COc1ccc(OC)c(N2CCN(CCCCNC(=O)c3ccc(Br)cc3)CC2)c1,8.5
1953995,CN(c1ccc([N+](=O)[O-])cc1OC1CCCCC1)S(C)(=O)=O,6.18
1452568,COc1cc2c(N3CCN(/C(S)=N\Cc4ccc(C(F)(F)F)nc4)CC3)ncnc2cc1OCCN1CCCCC1,5.99
900137,CN(C)CC1CCC/C(=C\c2ccc(OC(=O)c3ccccc3)cc2)C1=O.Cl,4.62
434741,COc1c(C(C)=O)ccc(F)c1CCNC(=O)Nc1ccc(Cl)cn1,6.65
13887366,CC(=O)NCCc1coc2cc(C(=O)c3cccc(C(F)(F)F)c3)c3c(c12)CCCO3,7.47
9635749,OC1CCC(Nc2nc(Cl)cc(-c3c[nH]c4ncccc34)n2)CC1,6.4
22458685,COc1cc2c(Oc3ccc(NC(=O)Cc4nnc(-c5ccc(F)cc5)o4)cc3F)ccnc2cc1OCCCN1CCN(C)CC1,6.39
7942584,COC1=NOC2(CCC[N+](C)(C)C2)C1.[I-],4.89
296561,CN1CC[C@]23c4c5ccc(O)c4O[C@H]2[C@@H](O)C=C[C@H]3[C@H]1C5,5.81
1163639,O=C1C[C@H](O)CC(CCc2cccc3ccccc23)O1,4.09
25653274,CCCS(=O)(=O)Nc1ccc(F)c(C(=O)c2c[nH]c3ncc(-c4ccc(Cl)cc4)cc23)c1F,5.53
12476881,COC(=O)c1cc2cc3cc4cc(CC(=O)O)c(C(=O)/C=C(\O)c5ccccc5O)c(OC)c4c(OC)c3c(O)c2c(=O)o1,8.89
18900597,NS(=O)(=O)c1cc(C(=O)NCCCC(=O)O)c(SC2CCCCC2)cc1Cl,8.66
907582,Cc1ncsc1CCNC(=O)CN1CCN(S(=O)(=O)c2cc3ccc(Cl)cc3s2)CC1=O,6.57
6171687,CC[C@H](C)[C@H](NC(=O)[C@H](Cc1ccc(O)cc1)NC(=O)[C@@H]1CCCN1C(=O)[C@H](C)NC(=O)[C@@H](N)CCCNC(=N)N)C(=O)N[C@@H](CC(C)C)C(=O)O,7.62
14172232,CC(C)(C)C(=O)NNC(=O)COc1ccc2ccccc2c1Br,5.31
23678966,Cc1cnccc1NCCNC1CCN(c2ccc3c(c2)CCC3)CC1,5.34
15069666,Cc1cncc(NC(=O)c2cccc(-n3cc(NC(=O)Nc4ccccc4Cl)cn3)c2)c1,5.66
25478817,CS(=O)(=O)c1ccc(C(=O)Nc2ccc(Cl)c(-c3ccc(N4CCNCC4)cc3)c2)c(Cl)c1,5.37
296394,O=C(CN1CCC(NS(=O)(=O)c2ccccc2)C1)NC1CCc2cc(F)ccc2C1Cc1cccnc1,7.96
2356476,Cc1c(-c2ccccc2F)c(=O)n(C[C@H](N)c2ccccc2)c(=O)n1Cc1ccccc1F,7.72
25064397,CCN(CC)Cc1ccc(OC)c(-c2cc3c(-c4ccc(C(=O)O)c(C(C)C)c4)ccnc3[nH]2)c1,6.11
576998,O=C1[C@@H]2Cc3c([nH]c4ccccc34)[C@@H](c3ccccc3)N2C(=O)[C@@H]2CCCN12,4.21
19026337,O=S(=O)(NCc1ccccc1)c1ccccc1-c1nnc(S)o1,5.34
25598761,CCc1nc(-c2ccc(OC)cc2)n(-c2cccc(C(=O)NCCCCn3cccn3)c2)n1,6.12
24984743,CCNC1=NC(=O)/C(=C2\CCNC(=O)c3[nH]c(Br)c(Br)c32)N1,5.04
15057851,COc1ccc(-c2cc(-c3ccccc3)nn2-c2ccccc2)cc1,5.48
17658173,COc1cc(C(=O)NCc2cnc(Oc3ccc4c(c3)CCC(c3ccccc3)O4)s2)ccn1,5.25
3427467,CC(C)(C)c1nnc(-c2nn(-c3ccc(Cl)cc3Cl)c(-c3ccc(Br)cc3)c2Cn2cncn2)s1,8.81
12105552,CC(C(=O)O)c1ccc(-c2ccccc2)c(F)c1,4.49
337632,CCCCOC(=O)N[C@H](CNC(=O)C[C@@H]1CC(c2ccc(C(=N)N)cc2)=NO1)C(=O)O.Cl,7.0
6268113,CCSc1cn2c(-c3cn[nH]c3)cnc2c(Nc2cc(C)ns2)n1,7.66
13872011,O=C(CSc1nnc(-c2ccncc2)o1)N/N=C/c1ccco1,4.9
19307016,CC(C)c1ccc2c(c1)CC[C@H]1[C@](C)(CNC(=O)NC3CCCCC3)CCC[C@]21C,4.28
3509163,Cc1cnc(NC2CCN(c3cccc(C(N)=O)c3)CC2)nc1Oc1c(C)cc(C#N)cc1Cl,8.85
23287659,CCC[C@H](C)Nc1ncc2c(C3CCN(Cc4cc(C)nc(C)c4)CC3)cn([C@H]3CC[C@H](O)CC3)c2n1,6.57
16849711,COc1ccc(-c2nsc3c2NC(=O)CC3c2cccc(Cl)c2)cc1,5.89
18496355,Brc1ccc(-c2nn(-c3ccccc3)c3c2c(-c2cccs2)nc2ccccc23)cc1,4.46
1959928,Cc1cc(O)cc(C)c1C[C@H](N)C(=O)N1Cc2ccccc2C[C@H]1C(=O)NCCCC[C@H](N)C(=O)Nc1ccccc1,9.05
1465102,CC(COC(=O)c1ccc2ccccc2c1)CC1=C(O)C(=O)c2ccccc2C1=O,5.75
18665249,COC(=O)c1cccc2nc(SCCCCCC(=O)Nc3c(C(C)C)cccc3C(C)C)oc12,7.5
5248395,CO/N=C/c1c(N)ncnc1Oc1ccc(NC(=O)NCCN(C)C)c(Cl)c1,6.54
7591560,CCN1CCN(Cc2ccc(NC(=O)Nc3ccc(Oc4cc(NC)ncn4)cc3)cc2C(F)(F)F)CC1,6.58
25527791,O=C(Nc1cccc(OP(=O)(O)O)c1)c1ccc(NCc2cc3ccccc3o2)c(CC2CCCCC2)c1,4.67
19011060,O=C([O-])[C@H]1O[C@@H](O[C@H]2[C@H](O)[C@@H](NS(=O)(=O)[O-])[C@H](OCCNS(=O)(=O)[O-])O[C@@H]2COS(=O)(=O)[O-])[C@H](O)[C@@H](O)[C@@H]1O[C@H]1O[C@H](COS(=O)(=O)[O-])[C@@H](O)[C@H](O)[C@H]1NS(=O)(=O)[O-].[Na+].[Na+].[Na+].[Na+].[Na+].[Na+],4.38
22900177,Cc1ccc(S(=O)(=O)n2cc(-c3ccc(C(F)(F)F)cc3)c3ccc(CO[C@H](C(=O)O)[C@H](N)C(=O)O)cc32)cc1.O=C(O)C(F)(F)F,6.51
15645950,Nc1ccccc1NC(=O)c1ccc(CCNC(=O)/C=C/c2c[nH]c3ccccc23)cc1,5.3
14583948,C=CC(=O)N1C/C(=C\c2ccccc2C)C(=O)C2(C1)C(c1ccccc1C)C(c1ccccc1)NC21C(=O)Nc2ccccc21,4.99
15094872,CC1(C)C(=O)CC[C@]2(C)[C@@H]1C[C@@H](O)[C@]13C(=O)C(CNc4ccc(S(=O)(=O)c5ccccc5)cc4)[C@H](CC[C@@H]21)[C@H]3O,4.82
18220589,COc1cccc(/C=N/N=C2/c3cc(Cl)ccc3-n3c2nc2ccccc2c3=O)c1O,4.45
1500041,CCCN(CCC)[C@@H]1CCn2ccc(C)c2C1,5.84
10910420,O=C(c1cncc(Br)c1)N1N=C(c2ccc(Cl)cc2)CC1c1ccc(OCc2ccccc2)cc1,5.12
2130913,Cl.Cl.O=[N+]([O-])c1cccc(-c2cncc(C3CC4CCC3N4)c2)c1,9.77
1794964,CN(C)c1ccc(Nc2nc(N3C[C@H](N)C[C@H](N)C3)nc(N3C[C@H](N)C[C@H](N)C3)n2)cc1,4.96
19159920,COc1cc([C@@H]2c3cc4c(cc3[C@@H](NC(=O)CN3CCN(CCCN5CCNCC5)CC3)[C@H]3COC(=O)[C@H]23)OCO4)cc(OC)c1O,5.9
17622884,CN1OC2(N=C1N)c1cc(Cl)ccc1CC21CCc2ccccc2CC1,7.21
16350385,CCc1ccc([C@@H]2O[C@H](COC(=O)OC(C)c3ccccc3)[C@@H](O)[C@H](O)[C@H]2O)cc1Cc1ccc2c(c1)OCCO2,6.25
24391021,CC(=O)N[C@H]1CSSC[C@@H]2NC(=O)[C@@H]3CSSC[C@@H](C(=O)N[C@@H](CCCCN)C(=O)N[C@@H](CCCCN)C(=O)N[C@@H](CCCCN)C(=O)N[C@@H](CC(C)C)C(=O)N[C@@H](Cc4c[nH]c5ccccc45)C(N)=O)NC(=O)[C@H](Cc4c[nH]c5ccccc45)NC(=O)[C@H](C4CCCCC4)NC(=O)[C@H](CCCCN)NC(=O)[C@H](CSSC[C@H](NC(=O)[C@@H]4CCCN4C(=O)[C@H](CCC(=O)O)NC(=O)[C@H](CC(F)(F)F)NC(=O)[C@H](Cc4c[nH]c5ccc(Br)cc45)NC(=O)[C@H](CCCCN)NC(=O)[C@H](CCC(N)=O)NC1=O)C(=O)N[C@@H](CC(=O)O)C(=O)N[C@@H](CO)C(=O)N[C@@H](CCC(=O)O)C(=O)N[C@@H](CCCNC(=N)N)C(=O)N[C@@H](CCCCN)C(=O)N3)NC(=O)[C@H](CCC(=O)O)NC(=O)[C@H](CC(C)C)NC(=O)CNC(=O)[C@H](CCC(=O)O)NC2=O,7.52
13317272,N[C@@H](CC(=O)N1CCn2c(nnc2C(F)(F)F)C1)Cc1cc(F)c(F)cc1F,7.72
25513700,CC(=O)OC[C@H]1O[C@@H]([Se]c2ccc(S(N)(=O)=O)cc2)[C@H](OC(C)=O)[C@@H](OC(C)=O)[C@H]1OC(C)=O,8.18
18437069,C=CCc1ccc(O)c(-c2ccc(O)c(CC=C)c2)c1,4.43
18033461,O=S(=O)(c1ccc([C@H]2CC[C@]3(CC2)OOC2(O3)C3CC4CC(C3)CC2C4)cc1)N1CCNCC1,8.44
2281136,CCCn1c(=O)c2[nH]c(C3CCCC3)nc2n(CCC)c1=O,6.89
986561,CC(C)CN(C(CCSCc1ccccc1)C(=O)NO)S(=O)(=O)c1ccc(-c2ccccc2)cc1,7.05
1655986,CN1CCC(c2nc(-c3ccc(C(=O)NC4(C(=O)NCC#N)CCCCC4)cc3)cs2)CC1,4.82
1443396,CC#C[C@]1(O)CC[C@H]2[C@@H]3CCC4=CC(=O)CCC4=C3[C@@H](c3ccc(N(C)C)cc3)C[C@@]21C,6.57
25755212,CCC(=O)Nc1cc(Nc2cc(NC3CC3)n3ncc(C#N)c3n2)ccc1C,5.55
22444496,CN1CCC[C@H]1[C@@H]1COc2ccc(N)cc2O1,5.58
15741090,COC(=O)c1ccc2cc(-c3ccc(O)c(O)c3)ccc2c1,4.84
831810,CCCCN1C(=O)C2(CCCC2)C(=O)N1Cc1ccc(NC(=O)c2ccccc2C(=O)O)cc1,6.4
1720341,COc1cc(/C=C/Cc2cc(O)c3ccoc3c2)cc(OC)c1OC,4.56
17793423,COc1ccc(S(=O)(=O)N(Cc2ccc(F)c(C(F)(F)F)c2)c2sc3ccccc3c2C)cn1,7.77
17695562,COc1ccc(C(=O)Nc2ccc(F)c([C@@]3(CF)N=C(N)O[C@@H]4C[C@@H]43)c2F)nc1,5.52
16357350,CCC(=O)Nc1cc(NC(C(=O)Nc2nc3c(C(F)(F)F)cc4[nH]ncc4c3s2)c2ccccc2)ccc1Cl,6.43
7740136,CNCCC=C1c2ccccc2CCc2ccccc21,7.7
25535234,c1ccc(-n2c(Sc3ncnc4c3sc3ncccc34)nnc2-c2ccncc2)cc1,5.5
16631278,Cc1cc(N2CCN(c3ccnc4cc(Cl)ccc34)CC2)nc(NCCO)n1,6.89
9548924,NC(=O)c1cc2c(Oc3ccc(Br)cc3)cncc2s1,5.6
16339953,CCC(=O)c1cnc(N2CCn3c(nc4cc(CO)c(S(C)(=O)=O)cc43)[C@H]2C(C)C)nc1C(F)(F)F,6.87
17614981,Cc1nc(-c2c(F)cc(Cl)cc2-c2ccc3c(c2)SCC3NC(=O)C2(NC(=O)C(F)(F)F)CC2)no1,8.64
2921944,CNc1ncc2cc(-c3c(C)ccc4c(Nc5ccc6c(c5)NC(=O)C6(C)C)nccc34)ccc2n1,7.68
5882606,c1ccc(CCNc2nc(-c3ccccn3)nc3ccccc23)cc1,5.92
2474936,Oc1cc(C2=NCCN2)ccc1-c1cc2ccc(C3=NCCN3)cc2o1,7.96
3356091,COc1ccc(C(=O)/C=C/c2c[nH]c3ccccc23)cc1,4.32
14593604,CCC(CC)O[C@@H]1C=C(C(=O)O)C[C@H](NC(=N)N)[C@H]1NC(C)=O.O=C(O)C(F)(F)F,8.77
22912856,Cc1cc(NC(=O)Nc2cc([C@H]3C[C@H]3C(=O)O)ccc2N(CC(C)C)C2CCCCC2)on1,9.3
24844486,COCCN1CCN(Cc2ccc(-c3n[nH]c4c3C(=O)c3c(NC(=O)NN5CCOCC5)cccc3-4)cc2)CC1,9.0
18433678,CC(=O)Nc1ccc(S(=O)(=O)N2C/C(=C\c3cccc([N+](=O)[O-])c3)C(=O)/C(=C/c3cccc([N+](=O)[O-])c3)C2)cc1,5.15
23179381,Cc1ccc(NC(=O)Nc2oc3ccccc3c2C)cc1S(N)(=O)=O,5.2
23257862,O=C(O)c1cc(NS(=O)(=O)c2ccc(-c3ccc(F)c(Cl)c3)c3ccccc23)ccc1F,5.2
13247769,Cc1n[nH]c2ccc(-c3cncc(OC[C@@H](N)Cc4c[nH]c5ccccc45)c3)cc12,6.2
2507970,Cl.N[C@@H](CC(=O)N1CCCNCC1)Cc1cc(F)c(F)cc1F,5.84
25657112,Nc1nc(N)c2c(ccc3c2ccn3Cc2nc3ccc(C(=O)O)cc3s2)n1,6.05
23195699,COc1ccc2[nH]cc(CCNC(=O)c3ccccc3Nc3cccc(Cl)c3C)c2c1,4.66
14530497,CCC[C@@H](C)CN1CCC(c2cccc(O)c2)(c2ncc(C(=O)N(CC)CC)cn2)CC1,6.85
19309549,Cc1nc(Nc2ncc(C(=O)Nc3c(C)cccc3Cl)s2)cc(N2CCN(C(=O)COCCOCC(=O)N[C@H](C(=O)N3C[C@H](O)C[C@H]3C(=O)NCc3ccc(-c4scnc4C)cc3)C(C)(C)C)CC2)n1,5.65
25582372,C/C(O)=C(\C#N)C(=O)Nc1cc(O[C@@H](C)C(F)(F)F)c(C(=O)c2ccccc2F)cc1F,6.02
17804547,O=C(c1cccc(F)c1-c1cccnn1)N1C2CCC1C(Nc1cnc(C(F)(F)F)cn1)C2,6.76
17991640,COc1ccccc1N1CCN(CCCN2C(=O)COc3ccccc32)CC1,6.56
23165153,CCCCOC(=O)[C@@]1(C)CC[C@]2(C)CC[C@]3(C)C(=CC(=O)C4[C@@]5(C)Cc6snnc6C(C)(C)C5CC[C@]43C)[C@@H]2C1,6.3
18863170,Nc1nc2[nH]c(CCCc3ccc(C(=O)N[C@@H](CCC(=O)O)C(=O)O)s3)cc2c(=O)[nH]1,6.35
2213729,COc1cc(CC(C)N)c(OC)cc1I,7.72
17705603,CC1Cc2cc(F)ccc2N1C(=O)Cc1nc(N2CCOCC2)c(F)c(=O)n1C,7.26
2507110,Cc1ccc(NC(=O)c2cccc(C(F)(F)F)c2)cc1NC(=O)c1cnc2ccccc2n1,4.98
18704476,CC(=O)OCC1=C(C)C[C@H]([C@@H](C)[C@H]2[C@@H](OC(C)=O)C[C@H]3[C@@H]4C[C@H](I)[C@]5(O)[C@@H](OC(C)=O)C=CC(=O)[C@]5(C)[C@H]4CC[C@]23C)OC1=O,6.33
15776433,Cc1cc(O)cc(C)c1C[C@H](N)C(=O)N[C@@H]1CCNc2ccc(CC3Cc4ccccc4C3)cc21,9.8
1963332,COCCOCc1c2c(c(C[C@@H](C)N)c3c1OCC3)OCC2,9.06
17603866,N=C(N)c1ccc(CNC(=O)CNC(=O)[C@@H](CO)NS(=O)(=O)Cc2ccc(Cl)c(Cl)c2)cc1,6.96
1926665,N=C(N)NCCC[C@H](NC(=O)[C@@H]1CCCN1C(=O)[C@@H]1CSSC[C@H](N)C(=O)N[C@@H](Cc2ccc(O)cc2)C(=O)N[C@@H](Cc2ccccc2)C(=O)N[C@@H](CCC(N)=O)C(=O)N[C@@H](CC(N)=O)C(=O)N1)C(=O)NCC(N)=O,8.87
3493575,Cc1c(O)cccc1C(=O)N[C@@H](CSc1ccccc1)[C@H](O)CN1C[C@H]2CCCC[C@H]2C[C@H]1C(=O)NC(C)(C)C,7.3
256571,O=c1ccc(-n2ccnc2)nn1CCCCCCCN1CCN(c2ccccc2Cl)CC1,8.31
2544824,O=C([O-])C(F)(F)F.Oc1cc2c(cc1O)[C@H]1Cc3cc(O)c(O)cc3[N@+]13CCc1cc(O)c(O)cc1[C@@H]3C2,4.89
9519934,c1ccc(Cn2cc(-c3ccc4[nH]ncc4c3)nn2)cc1,6.5
1707047,Nc1c(-c2nc3ccccc3[nH]2)c(O)nc2sccc12,6.16
18267800,CCCCNC(=O)NS(=O)(=O)c1ccc(NC(=O)CSc2nc3ccccc3c(=O)n2-c2ccc(C)cc2)cc1,6.36
2106363,Clc1ccccc1C1OOC2(CCCCC2)OO1,4.85
25616137,O=C(CCC(=O)N(c1ccc(Cl)cc1)C(C(=O)c1ccc(Cl)cc1)c1ccc(F)cc1Cl)NCCN1CCOCC1,5.11
635347,C[C@]12CC[C@](O)(CC3CCCCC3)CC1CC[C@@H]1[C@@H]2CC[C@]2(C)C(=O)CC[C@@H]12,7.06
22971852,C/C(=N\NC(N)=S)c1nnn(-c2ccc(F)cc2)c1C,7.16
16318462,C/C=C/CC(=O)N[C@H]1CC[C@H](CCN2CCN(c3nccc4c3CCO4)CC2)CC1,7.89
19156824,CC(C)C[C@H](NC(=O)[C@H](CCCCN)NC(=O)[C@H](C)NC(=O)[C@H](CC(C)C)NC(=O)[C@H](CCCCN)NC(=O)[C@H](CCCCN)NC(=O)[C@H](C)NC(=O)[C@H](CC(C)C)NC(=O)[C@H](CCCCN)NC(=O)[C@H](C)NC(=O)[C@H](CC(C)C)NC(=O)[C@H](CCCCN)NC(=O)[C@H](CS)NC(=O)CCCCCCCOC(=O)c1c(Cl)c(Cl)c(Cl)c(Cl)c1-c1c2cc(I)c(=O)c(I)c-2oc2c(I)c(O)c(I)cc12)C(=O)N[C@@H](C)C(=O)N[C@@H](CCCCN)C(N)=O,6.51
10853120,CCC(=O)N1c2ccc(S(=O)(=O)N3CCN(c4ccc([N+](=O)[O-])cc4)CC3)cc2CC1C,5.73
19119822,COC(C)(C)CCC[C@@](C)(O)[C@H]1CC[C@]2(C)[C@@H]1[C@H](O)C[C@@H]1[C@@]3(C)CC[C@H](OC(=O)c4cc(F)ccc4Br)C(C)(C)[C@@H]3CC[C@]12C,4.81
17793824,CCn1cc(-c2cc3c(cn2)cnn3-c2cccc(N3CCNCC3)n2)cn1,9.09
1257773,CNC(=O)[C@@H]1Cc2ccc(cc2)OCCC[C@H](C(=O)O)[C@@H](CC(C)C)C(=O)N1,6.05
1519983,COc1ccc(-c2oc3ncnc(N)c3c2-c2ccc(NC(=O)Nc3cc(C(F)(F)F)ccc3F)cc2)cc1,8.52
2098670,Cc1ncoc1-c1nnc(SCCCN2CCc3ccc4oc(C(C)(F)F)nc4c3CC2)n1C,5.6
7988444,CC1(C)CNC(=O)c2sc(Nc3ccc(I)cc3F)c(C(N)=O)c2C1,8.05
25003458,CC1=C(O)C(=O)C=C2C1=CC=C1[C@@]2(C)CC[C@@]2(C)[C@@H]3C[C@](C)(C(=O)O)CC[C@]3(C)CC[C@]12C,5.75
18861804,O=C(NNC(=O)c1ccc(CNS(=O)(=O)c2ccc(F)c(Cl)c2)cc1)c1ccccc1,4.3
16790501,C=C(CC)C(=O)c1ccc(OCC(=O)NCCc2ccc(OC)cc2)c(Cl)c1Cl,5.89
18302204,O=C(CCN1CCN(c2ccc(F)cc2)CC1)c1ccc(F)c(F)c1,4.55
1418233,O=C(Nc1nccs1)c1ccccn1,5.3
3006297,Cc1cc(-c2cccs2)c2c(N)c(C(N)=O)sc2n1,5.7
3100935,CC(C)[C@@H]1CC[C@@H]2[C@@H](O)[C@H]3[C@](C)(CC[C@]21C)[C@@H](Br)CC[C@@]3(C)O,4.02
677441,CC[C@]12CCCN3C[C@@H](Br)[C@]4(C(=Nc5ccc(Br)cc54)[C@@](Cl)(C(=O)OC)C1)[C@@H]32,5.46
19093523,COc1cc(C(=O)c2c[nH]c(-c3ccc4cc[nH]c4c3)n2)cc(OC)c1OC,8.1
1148814,CCN(CC)C(=O)CN1C(=O)C(NC(=O)Nc2ccc(Cl)cc2)N=C(c2ccccc2)c2ccccc21,9.22
16779849,Cc1c(Nc2c(CO)nc3c(N)cc(N4CCOC(CO)C4)nn23)cccc1C(F)(F)F,4.87
1457476,C=C1C[C@@H]2CC[C@@]34C[C@@H]5O[C@@H]6C(O[C@H]7CC[C@H](CC(=O)C[C@@H]8[C@@H](OC)[C@@H](C[C@H](O)COC(=O)Nc9ccc(OC)cc9)O[C@H]8C[C@H]8O[C@@H](CC[C@@H]1O2)C[C@@H](C)C8=C)O[C@@H]7[C@@H]6O3)[C@H]5O4,9.07
25485985,c1ccc2c(c1)Nc1ccccc1S2,8.37
1508902,CCN(CC)C(=O)c1c(C)c(N2CCN(C)CC2)nc2ccccc12,9.43
17692838,Nc1cnc(-c2ccc(-c3ccccc3S(=O)(=O)N[C@@H](CO)[C@@H](O)c3ccccc3)cc2F)cn1,9.0
524829,N=C(N)c1ccc2oc(C(=O)NCCCCCC(=O)O)cc2c1,5.64
593461,Fc1ccc2[nH]c3c4c5ccccc5nc-4c[nH]c3c2c1,8.22
19161380,Clc1cccc(CC2(COc3cccnc3)CCCNC2)c1Cl,8.22
24983594,COc1ccc2c3c1O[C@H]1C[C@@H](O)C=C[C@@]31CCN(C)C2,4.71
631045,CSC[C@H](NC(=O)[C@H](Cc1ccccc1)OC(=O)N1CCC(N)CC1)C(=O)N[C@@H](CC1CCCCC1)[C@@H](O)CCSc1nnc(C)s1,5.0
1654093,CN(C(=O)[C@@H]1Cc2cccc(NS(C)(=O)=O)c2O1)[C@H](CN1CC[C@H](O)C1)c1ccccc1,5.92
2401401,Fc1ccc(-c2c3cccc(C(F)(F)F)c3nn2Cc2ccc(Cl)cc2)cc1,7.24
129501,CN(CCc1ccc(Cl)c(Cl)c1)CCN1CCCC1,8.09
18781927,CC1(C)CCc2cccc(CN3CCC4(CC3)CN(c3ccc(C(=O)O)cc3)C(=O)O4)c2O1,8.08
2611978,COc1ccc(C(=O)Nc2nc(-c3c(C)cc(C)cc3C)cs2)c(OC)c1,4.87
18375330,O=C(CCCCCCC(=O)Nc1ccccc1)NO,5.36
2100961,C=C(CN1CCN(c2ccccc2)CC1)c1ccccc1,5.85
17743252,COC(=O)CCCCS(C)(=O)=NC(=O)c1cnc(N)c(C#Cc2cccc(NC(=O)c3ccc(OC)c(OC)c3)c2)c1,7.82
13837981,CCOP(=O)(CC(O)Cn1cc(Cn2cnc3cc(C)c(C)cc32)nn1)OCC,4.11
1233883,C/N=N\N(C)C(C)=O,4.26
25689530,CC(C)(C)[C@H](NC(=O)c1cc2cc(C(F)(F)P(=O)(O)O)ccc2s1)C(=O)N1CCC[C@H]1C(=O)N1CCCc2ccccc21,5.21
18715606,CC(=O)N1CCN(c2ccc(CO[C@H]3CO[C@@](Cn4ccnc4)(c4ccccc4Cl)OC3)cc2)CC1,5.0
2896231,Cn1c(=O)c(-c2c(Cl)cccc2Cl)cc2cnc(Nc3ccc(N4CCOCC4)cc3)nc21,6.33
13906372,CC1=CC[C@H]2[C@H](CC[C@]2(C)O)C(C)(C)[C@@H]1CC[C@H]1[C@]2(C)CC[C@H](OC(=O)c3ccccc3Cl)C(C)(C)O[C@H]2CC[C@@]1(C)O,4.92
284939,N=C(N)c1cccc(Oc2ccccc2NC(=O)c2ccc(-c3ccccc3S(N)(=O)=O)cc2)c1,4.75
25033614,Nc1ncnc2c1c(-c1ccc(Oc3ccccc3)nc1)nn2C1CCCN(C(=O)CCl)C1,6.4
15215341,COc1cc(OC)c(S(=O)(=O)N2c3ccccc3CC[C@@H]2C)cc1NC(=O)Cc1ccnc(F)c1,6.1
1977226,CC#CCNc1ccc(S(=O)(=O)N2CCSC(C)(C)[C@@H]2C(=O)NO)cc1,7.52
1791590,O=C(NC1CCN(Cc2ccc3cc(F)ccc3c2)CC1)c1ccccc1,6.9
16392114,CC(C)(C)OC(=O)N1C[C@@H](Oc2ccc(-c3ccccc3)cc2)C[C@H]1C(=O)N[C@@H](Cc1c[nH]c2ccccc12)C(=O)NS(=O)(=O)c1ccccc1,5.5
1208129,O=C(NCCCCN1CCN(c2nsc3ccccc23)CC1)c1cccnc1,8.31
1469356,CCCC[C@H](NC(=O)OCC1(COc2ccnc(N3CCN(c4ccccc4)CC3)n2)CCC1)C(=O)C(=O)N[C@H](C)c1ccccc1,7.51
19218781,COc1cc2ncnc(Nc3ccc(OCc4cccc(F)c4)c(Cl)c3)c2cc1OC,5.3
2916515,Nc1nc2c(cnn2CCCc2ccccc2)c2nc(-c3ccco3)nn12,8.92
2044810,CCCCOC(=O)NS(=O)(=O)c1sc(CC(C)C)cc1-c1ccc(CN(Cc2cccnc2)C(C)=O)cc1,7.23
5512367,Cc1csc(N/N=C/c2ccc(O)c([N+](=O)[O-])c2)n1,5.07
15109089,CN(C)Cc1ccc2nc(NC(=O)N/N=C/c3ccccc3O)sc2c1,5.29
23157680,NCc1ccc(-c2ncc(NCC3CCNCC3)nc2-c2ccc(-c3ccoc3)cc2)cc1,6.54
1721551,CCCn1c(=O)c2nc(-c3cc(C)nn3CC)[nH]c2n(CCC)c1=O,5.68
23249425,O=C(CCCCCCC(=O)Nc1ccccc1)NO,5.91
500062,COc1cc2nccc(O)c2cc1-c1cnco1,6.52
16824548,COc1cc(OC)cc(/C(C#N)=C/c2ccccc2Br)c1,5.07
18415975,O=C(NO)c1cccc(OCc2ccccc2)c1,4.22
3357827,COc1cccc2c1C(=O)c1c(O)c3c(c(O)c1C2=O)C[C@@](O)(C(=O)CO)C[C@@H]3O[C@H]1C[C@H](N)[C@H](O)[C@H](C)O1.Cl,5.51
778178,Cn1ccc2cc3c(cc21)CCN3C(=O)Nc1cccnc1,6.3
856522,COc1cccc2c1CC[C@H]1CN(CCn3c(=O)[nH]c4cc(C#N)ccc4c3=O)C[C@@H]21,9.83
3423751,COc1ccccc1N1CCN(CCNC(=O)c2ccc3ccccc3c2)CC1,6.05
17627063,Cc1ccc(C(=O)Nc2cc(CN3CCCC3)cc(C(F)(F)F)c2)cc1Nc1ncnc2cnc(N3CCC(F)CC3)nc12,8.7
17991057,C=CC(=O)Nc1cc(Cl)cc(Cl)c1Nc1ncc(OCc2c(Cl)c(OC)cc(OC)c2Cl)cn1,6.06
814840,COCCCN(CC(=O)N[C@@H](CC(=O)O)c1ccccc1)C(=O)Cc1ccc(NC(=O)Nc2ccccc2C)cc1,7.66
1000568,CCCCCC(=O)N/N=C1\CC2(CCN(C)CC2)OC1C,4.6
23269855,COc1ccc(CC[C@H]2OC(=O)[C@@H]3CCCCN3C(=O)[C@@H](C3CCCCC3)c3cc(OC)c(OC)c(c3)OCCC(=O)CCOc3cccc2c3)cc1OC,7.42
13381804,c1csc(-c2nnc(CCCc3c[nH]c4ccccc34)o2)c1,4.35
15116992,Cc1nn(C)c(C)c1N(C(F)F)S(=O)(=O)c1c(Cl)cc(CCCCC2CCN(C)CC2)cc1Cl,8.3
1271061,CC(C)c1cccc(C(C)C)c1NC(=O)NCC1(c2ccccc2[N+](=O)[O-])CCCC1,7.57
5109649,O=C(CCCCCC(=O)Nc1cccc2cccnc12)NS,5.34
3101496,Cc1cc(C)c(/C=C2\C(=O)Nc3ccccc32)[nH]1,4.96
18495546,CC[C@H](C)[C@@H]1NC(=O)[C@H](CCCNC(=N)N)NC(=O)[C@H]([C@@H](C)CC)N(C)C(=O)[C@H](Cc2ccc(O)cc2)NC(=O)CSC[C@@H](C(N)=O)N(C)C(=O)[C@H](Cc2c[nH]c3ccccc23)NC(=O)[C@H](CC(C)C)NC(=O)[C@H](Cc2c[nH]c3ccccc23)NC(=O)[C@@H](C)NC(=O)[C@H](CO)NC(=O)[C@H](CCCNC(=N)N)NC(=O)[C@H](CCCNC(=N)N)NC1=O,7.64
16604060,c1nnc2nnc(N3CCCC3)nn12,5.37
16294136,CN(c1ncnc2[nH]ccc12)[C@H]1C[C@@H](NS(=O)(=O)[C@H]2C[C@@H](CC#N)C2)C1,5.57
22770745,NC1CCN(c2nccc3[nH]c(-c4cccc(OC(F)(F)F)c4)nc23)CC1,5.92
672539,CC1C(=O)c2nc(CCN3N=C(c4ccccc4)CCC3=O)[nH]c2N(C)C1=O,5.21
17760171,CC(C)(COc1cnc(-c2ccc(-c3ncc(C(F)(F)F)[nH]3)nc2)cn1)C(=O)O,7.64
25697746,Cc1ccccc1C(=O)Nc1ccc(S(=O)(=O)N[C@H](C)C2CCN(C)CC2)cc1C#N,7.48
3401066,Cc1ccccc1-n1c(/C=C/c2cccnc2)nc2ccc(I)cc2c1=O,4.08
7695459,Clc1ccccc1C(c1ccccc1)(c1ccccc1)n1ccnc1,5.11
18811499,CC(C)CCc1ccc2oc3nc(N)c(C(=O)O)cc3c(=O)c2c1,5.47
25545792,CCN(CC)CCC(NCC(C)Nc1ccnc2cc(Cl)ccc12)c1ccc(OC)cc1,5.62
23239458,COc1ccc(NS(=O)(=O)c2ccc(-n3ncc4c3CC(c3ccccc3)CC4=O)cc2)cc1,4.4
19173536,N#CN1CCC[C@@H](n2nc(-c3ccc(Oc4ccc(Cl)cc4)cc3)c(C(N)=O)c2N)C1,5.09
14592796,CC(C)(C)S(=O)(=O)C[C@H](C1CC1)N1C(=O)[C@@](C)(Cc2cccc(C(=O)O)n2)C[C@H](c2cccc(Cl)c2)[C@H]1c1ccc(Cl)cc1,7.62
15045000,COc1cc2c(cc1NS(=O)(=O)c1cccc(Cl)c1Cl)[nH]c(=O)n2C(CO)CO,5.8
3773740,COc1ccc2nc(O)c(-c3noc(-c4ccc(F)cc4)n3)cc2c1,5.66
3525144,CCNC(=O)c1ccc2c(c1)NC(=O)/C2=C\Nc1ccc(N(C)C(=O)CN(C)C)cc1,5.53
6380929,FC(F)(F)c1ccccc1OC1CCN(c2ncnc3[nH]cnc23)CC1,8.0
16781947,Nc1ncnc2c1c(-c1cc(F)c3c(c1)NCCO3)nn2C1Cc2ccccc2C1,7.46
24875330,COc1cc2c(c(OC)c1OC)-c1ccc(OC)c(=O)cc1[C@@H](NC(C)=O)CC2,7.6
18950764,COc1ccc2c(=O)n(CCc3ccccc3)c(=O)n(Cc3ccc(C(=O)NO)cc3)c2c1,7.29
12650980,C1=CCC(c2cc3ccccc3o2)CNC1,6.62
22754470,Cc1nc2c(=O)n(C3CC3)c3c(Cl)c(N4CC[C@@H]([C@H](C)N)C4)c(F)cc3c2o1,4.52
340451,COc1ccc(-c2cnc(-c3ccc(S(=O)(=O)NC(C(=O)NO)C(C)C)cc3)s2)cc1,6.05
19225820,COc1cc2ncnc(Oc3ccc(NC(=O)Nc4cc(C(F)(F)F)ccc4F)cc3)c2c2c1OCCO2,5.54
24970815,COc1cc2c(cc1OC)CC(=O)N(C)C=C2,5.0
12692107,CC(C)=CCCC1(C)C=Cc2c(O)c(C(=O)/C=C/c3cc(C=O)ccc3O)cc(CC=C(C)C)c2O1,6.44
18270410,COc1cc([C@@H]2c3cc4c(cc3[C@H](O)[C@H]3COC(=O)[C@H]23)OCO4)cc(OC)c1OC,5.24
274806,CCCCCCCCCCCCCCCCCC(=O)c1c(C)c(CC(=O)O)n(C)c1Cc1ccccc1,4.92
138081,CCN1CCC(c2cc(-c3ccc(F)cc3Cl)c3c(c2)N(c2c(Cl)cccc2Cl)C(=O)NC3)CC1,8.92
16374296,c1cc(-c2nc(NC[C@H]3CCCCN3)c3c4c(sc3n2)CCCC4)ccn1,6.0
2306393,CC(/C=C/c1ccccc1)=C\C(=O)NCCCCCC(=O)NO,8.46
9586268,O=C(O)c1ccccc1Nc1nc(Nc2cccc(O)c2)ncc1F,8.3
12555519,CCCc1ccc(C(=O)NN(C(=O)c2ccccc2Cl)C(C)(C)C)cc1,7.64
13860666,Fc1ccc(-c2c(-c3ccnc(Nc4ccc(N5CCOCC5)cc4)c3)noc2C2CC2)cc1,6.25
2363945,FC(F)(F)c1ccc(C2=CC3(CCNCC3)Oc3ccccc32)cc1,6.82
1121226,Cc1onc(OCC(=O)O)c1CC(N)C(=O)O,4.05
25648586,CN1c2ccccc2[C@@H](N)C12CCN(c1cnc3c(N4CCCc5ncccc54)n[nH]c3n1)CC2,7.89
25046106,COc1ccc(C(=O)n2nc(-c3ccncc3)nc2N)cc1,5.75
15638056,COc1ccc(-c2oc3c(CC=C(C)C)c(O)cc(O)c3c(=O)c2OCC(=O)O)cc1,4.36
8045693,CNC(=O)c1ccc(Cc2c(C)nn(-c3ccc(C#N)c(Cl)c3)c2C)cc1,7.57
2637333,COc1ccc(N[C@@H]2N(OC)c3ccccc3[C@@]23CN=C(SC)S3)cc1,4.09
15214898,Brc1cccc(OCCCCCCn2ccnc2)c1,4.39
3246105,Cc1cncc(CC2=C(CCN(C)C)Cc3ccccc32)n1,5.22
891137,O=C(O)C(=O)O.Oc1ccc2c(c1)OC(CNCCCOc1ccc3c(c1)NCCC3)CC2,7.6
16300398,Cc1nc2c(c(-c3cscn3)n1)CCN(C(=O)c1cccc(C(F)(F)F)c1Cl)C2,6.81
18959571,COc1cccc(-c2nc(N)c3nc(-c4ccccc4)sc3n2)c1,7.45
24865878,O=C1Nc2ccccc2/C1=C1/Nc2ccccc2/C1=N\O,7.0
13902285,Cl.O=c1ccc2cc(OCCN3CCCC3)c(O)cc2o1,5.16
24874606,Cc1nc2cc(NC(=O)CCOCCOCCOCCOCCNC(=O)CNc3cccc4c3C(=O)N(C3CCC(=O)NC3=O)C4=O)ccc2n1Cc1ccc(C(=O)NO)cc1F,5.85
7854064,CCCn1cc(-c2cc(C(=O)NN)n(Cc3ccc(OC)c(OC)c3)n2)c2ccccc21,5.57
460582,O=C(O)CCC(=O)N(C(CCC(=O)O)C(=O)O)C(CC1OC(CO)C(O)C(O)C1O)C(=O)NCC(=O)O,4.6
25109951,CC1CC(=O)NN=C1c1ccc(N2CCOCC2)c(F)c1,7.57
13238143,N[C@@H](CSC(c1ccccc1)(c1ccccc1)c1ccccc1)C(=O)O,5.24
7787789,O=C(Nc1ccc(Br)cc1)c1cc(Br)cc(Br)c1O,5.7
19077197,CC(O)c1cc(C(=O)N[C@H](C)Cn2ccc(-c3ccc(C#N)c(Cl)c3)n2)n[nH]1,5.78
15682381,CC(C)(C)c1ccc(CCN2CCc3cc(S(=O)(=O)Nc4ccc(F)cc4)ccc3C2)cc1,5.82
25032287,Cc1ccc(-c2nc(NCc3ccc(C(=O)NO)cc3)cc3c2[nH]c2ccccc23)cc1,6.28
23218030,COc1cccc(S(=O)(=O)NC(=O)C(C)(C)Oc2cccc(N3CCC[C@H](C(=O)N(Cc4ccc(-c5cccs5)cc4)C4CC4)C3)c2)c1,5.54
19459788,COc1cc(OC)c(-c2cn3cc(NCCN)c(N4CCN(C(=O)OC(C)(C)C)CC4)nc3n2)cc1Cl,5.27
13846457,O=C(Nc1ccc(Oc2ccc3nc(NC(=O)C4CC4)cn3n2)c(F)c1)c1cccn(-c2ccccc2)c1=O,9.38
2106439,Cc1ncoc1-c1nnc(SCCCN2CCc3cc4c(cc3CC2)OCC(=O)N4)n1C,5.6
5512739,CC(=O)c1ccc(NC(=O)c2ccc3nc(-c4ccco4)c(-c4ccco4)nc3c2)cc1,4.83
19306712,Cc1nc(C2CC2c2nc3ccccn3c2C)cc(-n2nc(C)nc2C)n1,8.68
17763040,CN(C)C(=O)C1CC=C(c2[nH]c3nccc4c3c2CN(C)c2ccc(F)cc2-4)CC1,6.92
255924,CC[C@@H](C)[C@H](NC(=O)[C@H](CCc1ccccc1)NC(=O)[C@H](CC(=O)O)NC(=O)[C@H](CCCN)NC(=O)[C@@H](Cc1ccccc1)NC(C)=O)C(=O)N[C@@H](Cc1c[nH]c2ccccc12)C(=O)O,6.94
9630718,N#Cc1ccc(-c2n[nH]c3c2Cc2ccc(OCCCCN4CCOCC4)cc2-3)cn1,5.9
3016581,COC(=O)c1[nH]c2ccc(Br)cc2c1Sc1cc(O)c(OC)c(OC)c1,7.48
25013131,Clc1cc(Cl)cc(CNc2ncncc2-c2ccc3c(c2)OCO3)c1,6.64
1307288,C1=C(c2ccccc2)CCN(CCc2c[nH]c3ccccc23)C1,7.0
2155744,C[C@]12CCc3c(ccc4ccc(O)cc34)[C@@H]1CC[C@@H]2O,9.12
2078062,CC(C)C[C@H](N[C@@H](c1ccc(-c2ccc(S(C)(=O)=O)cc2)cc1)C(F)(F)F)C(=O)NC(C#N)(C1CC1)C1CC1,6.34
17767725,N#CCC1(n2cc(C(N)=O)c(Nc3ccccc3)n2)CCN(C(=O)C(c2ccccc2)c2ccccc2)CC1,6.15
16301658,CC(C)(C)OC(=O)c1ccc(-c2ccc3nc(C(C(=O)N[C@@H]4CCNC4=O)S(=O)(=O)Cc4ccccc4)sc3c2)cc1,7.84
809172,Cc1cc2c(C(C)C)c(O)c(O)c(C=O)c2c(O)c1-c1c(C)cc2c(C(C)C)c(O)c(O)c(C=O)c2c1O,5.08
633755,O=C(CC1CCN(CCc2ccc(F)cc2)CC1)c1ccc(F)cc1,8.0
1998259,COc1ccc(NCc2ccc(C(=O)Nc3cc(-c4ccoc4)ccc3N)cc2)cc1OC,7.3
22942815,FC(F)(F)c1cnc(NC2C3CCC2NC3)nc1-c1c[nH]c2ccccc12,6.7
1436381,N=C(N)c1ccc2cc(/C=C/c3ccccc3)cc(Br)c2c1,5.87
19218294,OC(c1ccc(-c2ccc(CN3CCN(Cc4ccncc4)CC3)cc2)c(F)c1)(C(F)(F)F)C(F)(F)F,5.0
18201956,Cc1cc(CNC(=O)c2cc([C@@H]3CCNC[C@H]3COc3ccc4c(c3)OCO4)ccc2F)n[nH]1,5.4
23173030,CO[C@@H]1O[C@@H](C2=CC(=O)O[C@H]2OC)CC=C1CC/C=C(\C)CC/C=C(\C)CCC=C(C)C,5.37
656499,CN(C)C(=O)c1cccc(Oc2nc(Oc3cc(C(=N)N)ccc3O)c(F)c(OC3CCN(CC(=O)O)CC3)c2F)c1,6.72
1901657,O=C(CN1N=C(C2CCCCC2)c2ccccc2N(CC(=O)C2CCCC2)C1=O)Nc1cccc(-c2noc(=O)[nH]2)c1,9.97
12688205,CCn1c(CNc2ccc(C)cc2C)nnc1SCC(=O)Nc1ccc(C)cc1,5.29
23166006,COc1cc2c(c(O)c1Cl)C(=O)c1c(cc3cc(O)cc(-c4c(C)c(Cl)c(O)c(Cl)c4O)c3c1O)C2(C)C,5.21
2060781,CC[C@@]12CCC(=O)Nc3ccccc3-c3ccn(c31)C(=O)CC2,5.39
6360563,O=C(CCCCCNC(=O)COc1ccc(/C=C/c2ccc3n2[B-](F)(F)[N+]2=C(c4cccs4)C=CC2=C3)cc1)NCCNCC(O)COc1cccc2ccccc12,8.56
2435286,CC/C=C/[C@H](CC)C/C(=C/[C@@]1(CC)C[C@H](CC)[C@H](CC(=O)O)OO1)CC,7.0
6218557,CC(C)NC(=O)c1cccc(Oc2nccc(-c3c(-c4ccc(F)cc4)ncn3C3CCNCC3)n2)c1,6.72
7714638,Cc1ccccc1C(OCCN(C)C)c1ccccc1,5.91
22479896,Cc1ccc(S(=O)(=O)N2CC3=C(NC(N)=NC3c3ccc(F)cc3)/C(=C/c3ccc(F)cc3)C2)cc1.Cl,5.37
10961899,O=C(O)c1sc2cc(Cl)ccc2c1O,6.01
18872443,C=CCCn1cc(-c2cc(N)cc(C(=O)N3CCOCC3)c2)c2cc[nH]c2c1=O,6.32
1050495,CN(C)c1cc(NS(C)(=O)=O)ccc1Nc1c2ccccc2nc2ccccc12,6.57
13239905,Nc1ccn([C@@H]2O[C@H](CO)[C@@H](O)C2(F)F)c(=O)n1,6.31
18919039,COc1cc(OC)cc(Oc2ccc(C(c3ccccc3)N(C)c3ncc4c(N)nc(N)nc4n3)cc2)c1,4.88
6320786,Nc1ccc(S(=O)(=O)Nc2nnc(S(N)(=O)=O)s2)cc1,7.36
25625537,O=C(O)CCc1nc2c(Cl)cccc2c(=O)n1CC(=O)NCC1CCCO1,5.8
1908747,Cc1cccc2c3c(ccc12)C(=O)C(C(C)C)=CC3=O,4.82
19033436,C=CCc1cc(NC(=O)C=C)c(O)c(-c2cc(CC=C)c(O)c(NC(=O)C=C)c2)c1,4.72
12462149,CN(CCOc1ccc(CC2SC(=O)NC2=O)cc1)c1ccccn1,9.64
14006967,CC(C)(C)c1ccc(-c2nnc(SCC(=O)Nc3ccc(S(=O)(=O)Nc4nccs4)cc3)n2-c2ccc(Cl)cc2)cc1,4.97
24958037,C[C@@H](NC(=O)Nc1cc2[nH]ncc2c(CO)n1)c1ccccc1,7.09
19356271,COc1cc2nc(C)nc(N[C@H](C)c3cc(N)cc(C(F)(F)F)c3C)c2cc1[C@H]1CC[C@H](C(=O)N(C)C[C@@H](C)O)CC1,8.7
10985386,Cl.O=C(Nc1ccccc1)c1sc2cc(C3=NCCN3)ccc2c1Cl,5.89
15119419,C/C=C1\[C@H]2C=C(C)C[C@]1(N[C@H]1OC(=O)C3=C4CC(C)(C)C[C@H]4[C@@H](C)[C@@H](O)C[C@]31OC)c1ccc(=O)[nH]c1C2,6.0
2465132,COc1ccc(C2=C(c3cn(C)c4ccccc34)C(=O)NC2)cc1,4.32
18392591,O=C(N/N=C/c1ccc(-n2ccnc2)cc1)c1ccc(CN2CCCC(O)C2)cc1,4.68
17619977,Cn1cc(-c2cc(F)c(O)c(C=O)c2)cn1,6.63
25690977,Cc1c(C#CCNC(=O)OC(C)(C)C)cccc1N1CCC(=O)NC1=O,6.68
23309577,COCCNc1nc2cnc3cc(-c4c(C)noc4C)c(OC)cc3c2n1[C@H](C)c1ccccn1,6.8
467990,CCc1nc(Br)cnc1NS(=O)(=O)c1cccc2c(N(C)C)cccc12,5.6
15633332,CCN1C(=S)N2CCCC2c2c1nc(-c1cccc(O)c1)c(C#N)c2N1CCOCC1,5.45
2569806,COc1ccc(-c2cn(-c3ccc(S(N)(=O)=O)cc3)nn2)cc1,7.29
15607912,O=C1CCN(c2ccccc2C(=O)NCCc2ccc(Cl)cc2)C(=O)N1,5.62
18528982,O=C(Nc1ccc(F)cn1)c1cc(C(F)c2cncnc2)cc2cccnc12,6.66
17956608,O=C(C(=S)N1CCOCC1)c1ccccc1,4.14
24691983,CN(c1ncnc2[nH]ccc12)N1CC[C@@H](C(=O)NCC(F)(F)F)C1,9.8
22933302,C=C(C)[C@@H]1CC[C@]2(C(=O)N3CCN(C(=O)/C=C/c4ccc5c(c4)OCCO5)CC3)CC[C@]3(C)[C@H](CC[C@@H]4[C@@]5(C)CC[C@H](OC(=O)CC(C)(C)C(=O)O)C(C)(C)[C@@H]5CC[C@]43C)[C@@H]12,7.3
23245492,Oc1c(CN2CCCC2)cc(Cn2ncc(-c3ccccc3Br)n2)c2cccnc12,6.3
17704191,COCCOCCNc1ccc(S(=O)(=O)NC(=O)c2ccc(N3CCN(CC4=C(c5ccc(Cl)cc5)CC(C)(C)CC4)CC3)cc2Oc2ccc3[nH]ccc3c2)cc1[N+](=O)[O-],6.35
894807,CC(C)(C)NC(=O)[C@@H]1C[C@@H]2SCC[C@@H]2CN1C[C@@H](O)[C@H](CSc1ccccc1)NC(=O)[C@@H](CS(=O)(=O)c1ccc(F)cc1)NC(=O)C(F)(F)F,6.75
2493244,CC[C@]1(O)C[C@@H]2CN(CCc3c([nH]c4ccccc34)[C@@](C(=O)OC)(c3cc4c(cc3OC)N(C)[C@H]3[C@@](O)(C(=O)OC)[C@H](OC(C)=O)[C@]5(CC)C=CCN6CC[C@]43[C@@H]65)C2)C1,8.96
24692467,O=[N+]([O-])c1cc2[nH]ncc2c2c1ncc1ccccc12,7.7
8014111,FC(F)(F)CN1C/C=C/CCOc2cccc(c2)-c2ccnc(n2)Nc2ccc(OCCN3CCCC3)c(c2)C1,6.96
18174380,COc1cc(CC(C(C)=O)C(=O)NCCCCNc2c3c(nc4ccccc24)CCCC3)ccc1O,5.47
18773155,Cc1ccc(NC(=O)c2ccc(OCCCCn3ccnc3)cc2)cc1Nc1nccc(-c2cccnc2)n1,4.0
132030,Cn1cnnc1C(O)(c1ccc(Cl)cc1)c1ccc2c(c1)c(-c1cccc(Cl)c1)cc(=O)n2C,6.82
10882258,COc1ccc2c(Oc3ccc(NC(=O)c4c(C5CCOC5)n(C)n(-c5ccccc5)c4=O)cc3F)ccnc2c1,7.47
2258518,N#Cc1ccc(-c2ccc(Oc3cncc4sc(-c5nn[nH]n5)cc34)cc2)cc1,6.51
1807616,C[C@H](Nc1cc(-c2ccoc2)nc(-n2cnc3ccc(C#N)cc32)n1)c1ccccc1,7.54
18192350,Clc1cccc(N2CCN(CCCCNc3nccc4ccccc34)CC2)c1Cl,8.28
9614832,NC(=O)c1cc(-c2ccnc(N)n2)[nH]c1-c1ccc(Cl)cc1Cl,7.1
16787619,O=S(=O)(c1ccc(-c2cnc(C3CC3)o2)cc1)N1CCCOc2cc(F)ccc21,7.52
14567217,Cc1cc(Nc2cc(N3CCN(C)CC3)nc(Nc3ccc([N+](=O)[O-])cc3)n2)n[nH]1,6.48
19269695,O=C(O)CCCCCCCNn1nnc2ccccc21,4.34
18678547,Nc1ncnc2[nH]nc(Nc3ccc(F)cc3)c12,6.07
19220603,COc1ccc2c(=O)n(-c3ccccc3Cl)c(SCc3ccc(C(=O)Nc4ccccc4N)cc3)nc2c1,6.42
14659295,CCOP(=O)(CC)Cc1cc(Nc2cc(-c3ccccc3OC)ncn2)ccc1C,6.44
13364006,Cc1cccc(Nc2ccc(C#N)cc2S(=O)(=O)NC(=O)NC(C)C)c1,5.02
3194824,Cc1nnc(C)n1[C@@H]1C[C@@H]2CN(CC[C@H](NC(=O)C3CC(F)(F)C3)c3cccc(F)c3)C[C@@H]2C1,8.22
18564892,Cc1sc2c(c1C)C(c1ccc(Cl)cc1)=N[C@@H](CC(=O)OC(C)(C)C)c1nnc(C)n1-2,7.83
5797156,COc1ccc(CCCC(=O)NC2CCCCC2C)c(C)c1,5.52
25467170,COc1cc([C@@H]2c3cc4c(cc3[C@H](OC(=O)Cc3ccc(NC(=O)COc5ccc(Cl)cc5C)cc3)[C@H]3COC(=O)[C@H]23)OCO4)cc(OC)c1OC,5.32
25624947,O=C1NC(NC23CC4CC(CC(C4)C2)C3)=N/C1=C\c1ccc2[nH]ncc2c1,5.11
12723302,CCCCn1c(C)c(C)cc(NC(=O)c2ccccc2)c1=O,5.86
347664,N=C(N)c1ccc(-c2ccc(-c3nc4cc(C(=N)N)ccc4[nH]3)o2)cc1,4.37
25683695,OCCN1CCN(c2ccc3cc2COC/C=C/COCc2cccc(c2)-c2ccnc(n2)N3)CC1,7.08
15546588,CCc1oc2ccccc2c1C(=O)c1cc(Br)c(O)c(Br)c1,5.98
18915741,COc1cc([C@@H]2c3cc4c(cc3[C@@H](O[C@@H]3O[C@@H]5CO[C@@H](C)O[C@H]5[C@H](O)[C@H]3O)[C@H]3COC(=O)[C@H]23)OCO4)cc(OC)c1O,5.75
580870,CC(COCP(=O)(O)O)n1cnc2c(O)nc(N)nc21,4.96
568692,COC(=O)[C@@H]1C2CC[C@H](C[C@@H]1c1ccccc1)N2C.Cl,7.68
24708499,CN1CCC(Nc2ccc(C(=O)Nc3cc(-c4ccc5c(c4)CCO5)n[nH]3)cc2)CC1,6.21
12102017,CNCCC(Oc1ccc(C(F)(F)F)cc1)c1ccccc1.Cl,5.36
18858365,C[C@]1(c2ccc(Cl)cc2Cl)OC[C@@H](COc2ccc(N3CCN(C(=O)/C=C/c4cccc(O)c4)CC3)cc2)O1,6.66
16260683,Cc1ccc(-c2nccs2)c(C(=O)N2CC(COc3ccc(F)c(C)c3)CCCC2C)c1,8.38
1760199,Cc1cccc(/C=C/[C@H]2[C@@H]3CCCC[C@H]3C[C@H]3C(=O)O[C@H](C)[C@@H]23)n1,6.52
3347553,FC(F)(F)c1nc2cc(Oc3cccc(Cl)c3Cl)ccc2[nH]1,6.27
22944426,CCN(CC)CCNC(=O)c1c(C)[nH]c(/C=C2\C(=O)Nc3ccc(-c4ccc5ccccc5n4)cc32)c1C,5.56
17720320,Cn1c(=O)c2c(CC(=O)Nc3nc(-c4ccc(OC(F)(F)F)c(F)c4)cs3)c(Cl)oc2n(C)c1=O,8.12
536173,COc1ccc2ncnc(NCc3ccc4c(c3)OCO4)c2c1,6.64
17706093,CC(=O)N[C@H]1CC[C@H](CCN2CCC(c3noc4cc(F)ccc34)CC2)CC1,8.3
2239502,COc1cc2nc(N3CCC(N4CCCC4)CC3)nc(Nc3cccc(Br)c3)c2cc1OC,6.29
1090493,CCCCCCCCCCCC[N+](C)(C)CCO.[Br-],6.32
16662406,O=C(CN1CCOCC1)Nc1ccc2ncnc(Nc3ccc(OCc4cccc(F)c4)c(Cl)c3)c2c1,5.28
20154218,Cc1cc2c(F)c(Oc3ncnn4cc(OC[C@@H](C)OC(=O)[C@H](C)N)c(C)c34)ccc2[nH]1,5.19
10892250,C[C@H]1CCCC[C@H]1Oc1nc(N)c2c(=O)ccn(CC3CC=CC3)c2n1,7.7
6369160,CCC(c1nc2ccsc2c(=O)n1Cc1ccccc1)N(CCCNC(C)=O)C(=O)c1ccc(C)cc1,5.54
18665318,CC(=O)N[C@@H](CSC(=S)NCCCCP(=O)(OC(C)C)OC(C)C)C(=O)O,5.05
1459728,COC(=O)[C@H]1[C@@H](OC(=O)c2ccccc2)C[C@@H]2CC[C@H]1N2C,7.0
18382649,COCC[N+]1=C(/C=C/C=C/c2ccccc2)N(Cc2ccccc2)C2C(=O)c3ccccc3C(=O)C21.[Br-],6.26
19213793,COc1cccc2c1C(=O)c1c(O)c3c(c(O)c1C2=O)C[C@@](O)(C(=O)CO)C[C@@H]3O[C@H]1C[C@H](N)[C@H](O)[C@H](C)O1.Cl,6.4
22786949,C=CC(=O)Nc1cccc(Oc2nc(Nc3cccc(OC)c3)nc3ccsc23)c1,7.12
25553378,NC(N)=NCCCOc1ccc(C(=O)Nc2ccccc2Oc2ccccc2)cc1,4.4
980079,COc1cccc(CNc2ccc(CNC(=O)CO[C@@H]3C[C@H](C)CC[C@H]3C(C)C)cc2)c1Oc1ccc([N+](=O)[O-])cc1C(=O)O,7.0
24783233,Cc1nc(C)n(CC(=O)N2CCN(c3sc(C(F)(F)F)nc3-c3nc4ccc(-c5noc(C)n5)cc4[nH]3)C[C@H]2C)n1,4.72
22783879,Br.N=C(N)SCc1ccc(CN2C(=O)C(=O)c3cc(Br)cc(Br)c32)cc1,5.68
16867715,COc1cc(OC)cc(N(CC2CN(Cc3ccccc3)CCO2)c2ccc3ncc(-c4cnn(C)c4)nc3c2)c1,7.13
17735456,COC(=O)NCCn1cc(-c2cc(NC(=O)c3cccc(C(F)(F)F)c3)ccc2C)cc(N2CCOCC2)c1=O,8.65
8001615,O=C(Cn1sc2ccccc2c1=O)NCc1cn(CC(=O)Nc2ccc(Oc3ccccc3)cc2)nn1,5.31
16771128,CNC(=O)[C@@]12C[C@@H]1[C@@H](n1cnc3c(NC(C4CC4)C4CC4)nc(Cl)nc31)[C@H](O)[C@@H]2O,7.47
864883,CN(c1ccc2cc3ccc4c(c3nc2c1)COCN4)S(C)(=O)=O,6.22
2560991,COc1ccc(Nc2nccc(-c3cnc(C)n3C(C)C)n2)cc1,7.14
13292954,CCN(CC)c1ccc(NC(=O)Nc2ccc(C)c(Nc3nccc(-c4cccnc4)n3)c2)cc1,5.0
3101680,Nc1nc(N)c2nc(C3c4ccccc4-c4ccccc43)[nH]c2n1,4.53
20610971,COc1cc2[nH]c3cc(Oc4ccccc4OC(F)(F)F)ccc3c(=O)c2cc1Cl,10.38
12694308,O=C(NCC1(N2CCN(c3ccccc3)CC2)CCOCC1)c1cccnc1Sc1ccccc1,6.7
701380,CCc1cc(Cl)cc2nc(O)c(-c3ccccc3)c(O)c12,8.16
17772460,CCOC(=O)CNC1CCN(C(=O)Cn2cc(NC(=O)c3cnn4cccnc34)c(-c3cc(Cl)ccc3OC(F)F)n2)CC1,8.8
18441626,C[C@@H]1CN(CC(=O)N2CC(C)(C)c3ncc([C@@H](O)c4ccc(F)cc4)cc32)[C@@H](CN2[C@H](C)COC[C@H]2C)CN1,8.13
18119172,CC[C@H](NC(=O)C(=O)[C@@]12CC[C@]3(C)[C@H](CC[C@@H]4[C@@]5(C)CC[C@H](OC(=O)CC(C)(C)C(=O)O)C(C)(C)[C@@H]5CC[C@]43C)C1=C(C(C)C)C(=O)C2)c1ccc(Cl)cc1,7.27
22814237,COc1ccc(N(C)c2ncnc3ccccc23)cc1,8.15
2509070,CCCOC(Cc1ccc(OCCc2nc(-c3ccccc3)oc2C)c2ccsc12)C(=O)O,6.76
25611242,Nc1nc(Nc2ccccc2)nc(-c2cc(Cl)ccc2O)n1,4.46
2399490,CC(=O)Nc1cc(-c2cccnc2)nc(-n2nc(C)cc2C)n1,5.68
18076016,CCCN1CCN(c2ccc(S(=O)(=O)Oc3ccc(OC)c(OC)c3)cc2)C1=O,4.55
24985727,CN(C)CC1CN(C(=O)Cc2cccc(OC(F)(F)F)c2)CCC1(O)c1cccc(O)c1,7.03
9600785,O=c1[nH]cnc2c1sc1c(Cl)ccc(Cl)c12,6.8
10899750,Cc1ccc(NC(=O)c2cccc(S(=O)(=O)n3ccc4c(C)cccc43)c2)c(C(=O)O)c1,8.22
1068731,Cc1c(S(=O)(=O)c2ccccc2)no[n+]1[O-],4.36
2267304,CCCCCCCCCCSCC(=O)C(F)(F)F,6.82
6348854,COc1ccc(CNC(=O)Nc2cc(-c3cccnc3F)ccn2)cc1,7.01
652535,O=C1c2cc3c(cc2N=C[C@@H]2CCCN12)OCO3,6.58
12625821,O=[N+]([O-])c1c(Nc2ccc(Cl)c(Cl)c2)ccc2nonc12,6.92
16360037,CCCCC(CC)CNc1ccc2c(c1)CCn1c-2cc(OC[C@@H]2COCCO2)nc1=O,7.0
854861,CC(C)(C)Sc1c(CC(C)(C)C(=O)O)n(Cc2ccc(Cl)cc2)c2ccc(OCc3ccccn3)cc12,8.7
17676129,CCC(=O)N1CCC(c2ccc(C[C@@H](C#N)NC(=O)[C@H]3N[C@@H]4CC[C@H]3C4)cc2)CC1,6.4
17718910,C[C@@]1(c2cc(N)ccc2Cl)CS(=O)(=O)[C@@]2(CCOC2)C(=N)N1,5.42
17776899,C[C@@H](O)C(NCCc1ccc(-n2c(N)c(C(=O)c3ccc(F)cc3F)ccc2=O)cc1)C(=O)OC1CCCC1,7.17
3509131,Cc1cnc(NC2CCN(c3cccc(C(N)=O)c3)CC2)nc1Oc1c(C)cc(C#N)cc1C,8.35
12057984,COc1cccc2c1[nH]c(=O)n2O,7.0
17616676,Cc1ncc(C#Cc2c(C)ncnc2N2CCOC[C@@H]2C)cc1NS(=O)(=O)c1ccccc1,9.7
10906432,Cc1ccc(CN2C(=O)S/C(=C\c3c4ccccc4nc4ccccc34)C2=O)cc1,4.21
3361393,O=P(O)(O)c1ccccc1S,5.16
1098499,CCCCCCCCCCCCCCCC[n+]1ccccc1.[Br-],6.16
